canonical,meaning,summary,source_volume,source_headword
〜かもしれない,Can't tell if ~,Can't tell if ~,Basic,かもしれない
〜がる,An auxiliary verb attached to a psychological/physiological adjective meaning a person other than the speaker shows signs of ~,An auxiliary verb attached to a psychological/physiological adjective meaning a person other than the speaker shows signs of ~,Basic,がる
〜ことにする,A volitional decision to do something is made.,A volitional decision to do something is made.,Basic,ことにする
〜ごろ,Approximately (with a specific point of time).,Approximately (with a specific point of time).,Basic,ごろ
〜し,A conjunction to indicate ‘and’ in an emphatic way.,A conjunction to indicate ‘and’ in an emphatic way.,Basic,し
〜たい,An auxiliary adjective which expresses a desire to do something.,An auxiliary adjective which expresses a desire to do something.,Basic,たい
〜たら,A subordinate conjunction which indicates that the action/state expressed by the main clause in a sentence takes place after the action/state expressed by the subordinate clause.,A subordinate conjunction which indicates that the action/state expressed by the main clause in a sentence takes place after the action/state expressed by the subordinate clause.,Basic,たら
〜たらどうですか,A phrase which expresses a suggestion (literally: How would you feel if you do something?),A phrase which expresses a suggestion (literally: How would you feel if you do something?),Basic,たらどうですか
〜だろう,An auxiliary indicating the speaker’s conjecture which is not based on any particular information or evidence.,An auxiliary indicating the speaker’s conjecture which is not based on any particular information or evidence.,Basic,だろう
〜つもり,An intention or conviction of a speaker (or a person with whom the speaker can empathise) about his future or past actions or current state.,An intention or conviction of a speaker (or a person with whom the speaker can empathise) about his future or past actions or current state.,Basic,つもり
〜ても,[x] is used when that which is expressed in the main clause is not what is expected from the content of the dependent ([x]) clause.,[x] is used when that which is expressed in the main clause is not what is expected from the content of the dependent ([x]) clause.,Basic,ても
〜てもいい,A phrase which expresses persmission or concession.,A phrase which expresses persmission or concession.,Basic,てもいい
〜ないで,A negative て form of a verb.,A negative て form of a verb.,Basic,ないで
〜ながら,A conjunction which indicates that the action expressed by the preceding verb takes place concurrently or simultaneously with the action expressed in the main clause.,A conjunction which indicates that the action expressed by the preceding verb takes place concurrently or simultaneously with the action expressed in the main clause.,Basic,ながら
〜なくて,"A て form of the negative ない, which indicates a cause/reason for a state or action.","A て form of the negative ない, which indicates a cause/reason for a state or action.",Basic,なくて
〜なくなる,It has reached the point where some state or action does not take place anymore.,It has reached the point where some state or action does not take place anymore.,Basic,なくなる
〜なさい,A polite imperative used by superiors such as parents or teachers to their inferiors (=people of younger age and lower rank),A polite imperative used by superiors such as parents or teachers to their inferiors (=people of younger age and lower rank),Basic,なさい
〜なら,A conjunction which indicates that the preceding sentence is the speaker’s supposition about the truth of a present or past fact or the actualisation of something in the future.,A conjunction which indicates that the preceding sentence is the speaker’s supposition about the truth of a present or past fact or the actualisation of something in the future.,Basic,なら
〜にする,Someone has decided on something.,Someone has decided on something.,Basic,にする
〜ので,A subordinate conjunction which expresses a reason or a cause.,A subordinate conjunction which expresses a reason or a cause.,Basic,ので
〜ば,A conjunction which indicates that the preceding clause expresses a conditional.,A conjunction which indicates that the preceding clause expresses a conditional.,Basic,ば
〜はず,A dependant noun which expresses the speaker’s expectation that something will take place or took place or that someone/something is or was in some state.,A dependant noun which expresses the speaker’s expectation that something will take place or took place or that someone/something is or was in some state.,Basic,はず
〜ばよかった,A phrase which expresses the speaker’s regret.,A phrase which expresses the speaker’s regret.,Basic,ばよかった
〜まで,"A particle to indicate a spatial, temporal or quantitative limit or an unexpected animate/inanimate object.","A particle to indicate a spatial, temporal or quantitative limit or an unexpected animate/inanimate object.",Basic,まで
〜までに,A particle that indicates a time limit on/for an action.,A particle that indicates a time limit on/for an action.,Basic,までに
〜ようだ,An auxiliary な type adjective which expresses the likelihood of something/someone or the likeness of something/someone to something/someone.,An auxiliary な type adjective which expresses the likelihood of something/someone or the likeness of something/someone to something/someone.,Basic,ようだ
〜ようと思う,The speaker desires or decides to do something.,The speaker desires or decides to do something.,Basic,ようと思う
〜ようにする,Someone causes some circumstantial or behavioural change to take place.,Someone causes some circumstantial or behavioural change to take place.,Basic,ようにする
〜ようになる,Some change takes place gradually.,Some change takes place gradually.,Basic,ようになる
〜らしい,"An auxiliary adjective which indicates that the preceding sentence is the speaker’s conjecture based on what he has heard, read or seen.","An auxiliary adjective which indicates that the preceding sentence is the speaker’s conjecture based on what he has heard, read or seen.",Basic,らしい
〜わけではない,A phrase which is used to deny what is implied in the previous or following statement.,A phrase which is used to deny what is implied in the previous or following statement.,Intermediate,わけではない
〜が〜なら,A structure presenting a counterfactual situation which indicates that things would be better if something were really good or appropriate.,A structure presenting a counterfactual situation which indicates that things would be better if something were really good or appropriate.,Advanced,～が～なら
〜ても〜ても,A structure meaning “even if someone does something repeatedly”.,A structure meaning “even if someone does something repeatedly”.,Advanced,～ても～ても
〜といい〜といい,A structure that introduces multiple perspectives when describing a person or a thing.,A structure that introduces multiple perspectives when describing a person or a thing.,Advanced,～といい～といい
〜もVば〜もV,"A structure used to present typical examples of actions, events, situations, people, or things among a number of possibilities.","A structure used to present typical examples of actions, events, situations, people, or things among a number of possibilities.",Advanced,～も[V]ば～も[V]
あげる,Someone gives something to a person who is not a member of the giver’s in group but whose status is about equal to that of the giver.,Someone gives something to a person who is not a member of the giver’s in group but whose status is about equal to that of the giver.,Basic,あげる (1)
〜てあげる,Someone gives some action as a favour to a person who is not a member of the giver’s in group but whose status is about equal of the giver.,Someone gives some action as a favour to a person who is not a member of the giver’s in group but whose status is about equal of the giver.,Basic,あげる (2)
お〜になる,A phrase which expresses the speaker’s respect for someone when describing that person’s action or state,A phrase which expresses the speaker’s respect for someone when describing that person’s action or state,Basic,お～になる
〜ことができる,Doing something is possible,Doing something is possible,Basic,ことが出来る・できる
〜のに,"Contrary to everybody’s expectation based on the sentence preceding [x], the proposition in the sentence following [x] is the case.","Contrary to everybody’s expectation based on the sentence preceding [x], the proposition in the sentence following [x] is the case.",Basic,のに (1)
〜のに（目的）,In the process or for the purpose of doing something expressed in the の nominalised clause.,In the process or for the purpose of doing something expressed in the の nominalised clause.,Basic,のに (2)
もらう,The first person or someone the speaker empathises with receives something from someone whose status is not as high as the receiver’s.,The first person or someone the speaker empathises with receives something from someone whose status is not as high as the receiver’s.,Basic,もらう (1)
〜てもらう,The first person or someone the speaker empathizes with receives some benefit from an action by someone whose status is not as high as the receiver’s.,The first person or someone the speaker empathizes with receives some benefit from an action by someone whose status is not as high as the receiver’s.,Basic,もらう (2)
〜出す,Something that has been latent is realised.,Something that has been latent is realised.,Basic,出す・だす
〜前に,In front of or before some situation comes about.,In front of or before some situation comes about.,Basic,前に・まえに
くれる,Someone whose status is not higher than the speaker’s gives something to the first person or to someone with whom the speaker empathises.,Someone whose status is not higher than the speaker’s gives something to the first person or to someone with whom the speaker empathises.,Basic,呉れる・くれる (1)
〜てくれる,Someone does something as a favour to the first person or to someone with whom the speaker empathises.,Someone does something as a favour to the first person or to someone with whom the speaker empathises.,Basic,呉れる・くれる (2)
〜始める,Someone/something begins to do something or begins to be in some state.,Someone/something begins to do something or begins to be in some state.,Basic,始める・はじめる
〜方,A noun forming suffix that indicates a way or a manner in which one does something.,A noun forming suffix that indicates a way or a manner in which one does something.,Basic,方・かた
〜やすい,Something or someone is easy to ~.,Something or someone is easy to ~.,Basic,易い・やすい
〜時,A dependent noun which indicates the time when someone/something will do/does/did something or the time when someone/something will be/is/was in some state.,A dependent noun which indicates the time when someone/something will do/does/did something or the time when someone/something will be/is/was in some state.,Basic,時・とき
来る,Someone or something moves in a direction towards the speaker or the speaker’s viewpoint or area of empathy.,Someone or something moves in a direction towards the speaker or the speaker’s viewpoint or area of empathy.,Basic,来る・くる (1)
〜てくる,An auxiliary verb which indicates the beginning of some process or continuation of some action up to a current point of time.,An auxiliary verb which indicates the beginning of some process or continuation of some action up to a current point of time.,Basic,来る・くる (2)
欲しい,Something is desired by the speaker.,Something is desired by the speaker.,Basic,欲しい・ほしい (1)
〜て欲しい,Want someone (who is not higher in status than the speaker) to do something.,Want someone (who is not higher in status than the speaker) to do something.,Basic,欲しい・ほしい (2)
為（に）・ため（に）,"A noun that indicates a benefit, a purpose, a reason or a cause.","A noun that indicates a benefit, a purpose, a reason or a cause.",Basic,為（に）・ため（に）
〜終わる,Finish doing ~,Finish doing ~,Basic,終わる・おわる
行く,Someone or something moves in a direction away from the speaker or the speaker’s viewpoint.,Someone or something moves in a direction away from the speaker or the speaker’s viewpoint.,Basic,行く・いく (1)
〜ていく,Some action or state keeps changing from the point in time at which the speaker first describes the action.,Some action or state keeps changing from the point in time at which the speaker first describes the action.,Basic,行く・いく (2)
〜すぎる,Someone/something does something excessively or is in a state excessively.,Someone/something does something excessively or is in a state excessively.,Basic,過ぎる・すぎる
〜にくい,Something or someone is hard to ~.,Something or someone is hard to ~.,Basic,難い・にくい
〜ながら（も）（逆接）,A disjunctive conjunction used normally in written Japanese with the meaning of 'although'.,A disjunctive conjunction used normally in written Japanese with the meaning of 'although'.,Intermediate,ながら（も）
〜も〜ば,A structure which expresses the idea that a certain amount of something is sufficient to do something.,A structure which expresses the idea that a certain amount of something is sufficient to do something.,Intermediate,も~ば
（っ）きり,"A conjunction indicating that since something occurred, nothing has happened and the resultant situation remains unchanged; a particle indicating a strict limitation in terms of number/quantity.","A conjunction indicating that since something occurred, nothing has happened and the resultant situation remains unchanged; a particle indicating a strict limitation in terms of number/quantity.",Advanced,（っ）きり
〜（っ）たって（譲歩）,The informal form of ても.,The informal form of ても.,Advanced,（っ）たって (1)
〜（っ）たって（と言っても・としても）,The contracted form of と言っても or としても.,The contracted form of と言っても or としても.,Advanced,（っ）たって (2)
〜（と言）ったらない,A phrase used to express a strong sensation or emotion.,A phrase used to express a strong sensation or emotion.,Advanced,（と言）ったらない
〜であれ〜であれ,A structure that means “no matter which one is the case”,A structure that means “no matter which one is the case”,Advanced,～であれ～であれ
〜でも[Wh. word]でも,"A structure indicating that what is expressed in the main/subordinate clause is applicable to anyone, anything, any place or any time.","A structure indicating that what is expressed in the main/subordinate clause is applicable to anyone, anything, any place or any time.",Advanced,～でも[Wh. word]でも
〜に〜ない,A sentence structure meaning “someone cannot manage to do something”,A sentence structure meaning “someone cannot manage to do something”,Advanced,～に～ない
〜の〜のと,A structure that states what is said by someone in order to express the speaker’s disagreement or dissatisfaction.,A structure that states what is said by someone in order to express the speaker’s disagreement or dissatisfaction.,Advanced,～の～のと
〜やら〜やら,"A structure to present things, events, actions, etc., as examples, reasons or possibilities.","A structure to present things, events, actions, etc., as examples, reasons or possibilities.",Advanced,～やら～やら
〜わ〜わ,"A structure that emphatically presents actions, events or states as examples or reasons, or indicates that someone does something or something happens to a great extent.","A structure that emphatically presents actions, events or states as examples or reasons, or indicates that someone does something or something happens to a great extent.",Advanced,～わ～わ
〜言わず〜と言わず,"A structure indicating that something is the case not only for A and B but also for many other places, things, etc., of X, to which A and B belong","A structure indicating that something is the case not only for A and B but also for many other places, things, etc., of X, to which A and B belong",Advanced,~言わず~と言わず
あえて,"An adverb that expresses the speaker's/writer's desire or will to dare to do something in spite of difficulty, danger or opposition.","An adverb that expresses the speaker's/writer's desire or will to dare to do something in spite of difficulty, danger or opposition.",Advanced,あえて
あくまでも,"An adverb that represents the idea of ""to the utmost degree"".","An adverb that represents the idea of ""to the utmost degree"".",Advanced,あくまでも
あげく（に）,An adverb/conjunction indicating that one spends an extended period of time before reaching a result.,An adverb/conjunction indicating that one spends an extended period of time before reaching a result.,Advanced,あげく（に）
あたかも,An adverb used to present a counter-factual statement emphatically,An adverb used to present a counter-factual statement emphatically,Advanced,あたかも
〜あながち〜ない,A structure that indicates that something is not necessarily the way the speaker/writer thought.,A structure that indicates that something is not necessarily the way the speaker/writer thought.,Advanced,あながち～ない
あるいは,A conjunction that marks alternatives,A conjunction that marks alternatives,Advanced,あるいは
いかなる,A noun modifier that means either “what kind of” or “no matter what”.,A noun modifier that means either “what kind of” or “no matter what”.,Advanced,いかなる
いかに,An adverb meaning “how”.,An adverb meaning “how”.,Advanced,いかに
いくら,A Wh-word that asks about the amount of something.,A Wh-word that asks about the amount of something.,Advanced,いくら
いわゆる,A noun modifier that means “known generally by this term”.,A noun modifier that means “known generally by this term”.,Advanced,いわゆる
およそ,An adverb representing the ideas “all; totally; mostly; approximately”.,An adverb representing the ideas “all; totally; mostly; approximately”.,Advanced,およそ
〜かと思うと,"A phrase indicating that an action or state in the dependent clause occurs very closely with another action or state in the clause, or causes another action or state in the main clause.","A phrase indicating that an action or state in the dependent clause occurs very closely with another action or state in the clause, or causes another action or state in the main clause.",Advanced,かと思うと
かな（感嘆）,An interjection that expresses deep felt emotion.,An interjection that expresses deep felt emotion.,Advanced,かな
〜かのように,"A conjunctive phrase that forms an adverbial clause which describes the way someone/something appears to the writer, contrary to reality.","A conjunctive phrase that forms an adverbial clause which describes the way someone/something appears to the writer, contrary to reality.",Advanced,かのように
〜からして,A phrase that singles out something for emphasis or presents something as a basis for judgment.,A phrase that singles out something for emphasis or presents something as a basis for judgment.,Advanced,からして
〜からなる,A phrase indicating that something consists of more than one member/constituent.,A phrase indicating that something consists of more than one member/constituent.,Advanced,からなる
〜からには,"A subordinate conjunction meaning “now that,” “once someone does / has done something” or “so long as”.","A subordinate conjunction meaning “now that,” “once someone does / has done something” or “so long as”.",Advanced,からには
〜から言って,A phrase that means either “in terms of” or “judging from”.,A phrase that means either “in terms of” or “judging from”.,Advanced,から言って
〜か否か,A conjunctive phrase indicating that the speaker/writer is wondering whether something is the case or not.,A conjunctive phrase indicating that the speaker/writer is wondering whether something is the case or not.,Advanced,か否か
が早いか,"A conjunction indicating that as soon as something happens, something else happens.","A conjunction indicating that as soon as something happens, something else happens.",Advanced,が早いか
〜きらいがある,A phrase indicating that someone or something has an undesirable tendency.,A phrase indicating that someone or something has an undesirable tendency.,Advanced,きらいがある
ことか,"A sentence final, exclamatory phrase used in written language.","A sentence final, exclamatory phrase used in written language.",Advanced,ことか
〜ことから,A phrase that expresses a reason or a cause.,A phrase that expresses a reason or a cause.,Advanced,ことから
〜ごとし,An auxiliary adjective that indicates a resemblance of something/someone to something/someone or indicates how something/someone appears to speaker/writer.,An auxiliary adjective that indicates a resemblance of something/someone to something/someone or indicates how something/someone appears to speaker/writer.,Advanced,ごとし
〜ことに,A phrase that expresses the speaker’s/ writer’s emotion or subjective judgment.,A phrase that expresses the speaker’s/ writer’s emotion or subjective judgment.,Advanced,ことに
〜この上ない,A phrase that indicates that something or someone is in an extreme state.,A phrase that indicates that something or someone is in an extreme state.,Advanced,この上ない
さぞ（かし）,An adverb that is used when the speaker thinks that someone or something is in an extreme state.,An adverb that is used when the speaker thinks that someone or something is in an extreme state.,Advanced,さぞ（かし）
さて,An interjection indicating that the speaker/writer is going to talk about something different.,An interjection indicating that the speaker/writer is going to talk about something different.,Advanced,さて
さも,"An adverb meaning “truly,” used when describing the way someone’s action or behaviour appears.","An adverb meaning “truly,” used when describing the way someone’s action or behaviour appears.",Advanced,さも
〜ずして,A phrase meaning “without doing something”.,A phrase meaning “without doing something”.,Advanced,ずして
〜ずとも,A conjunctive phrase that indicates negative concession: “even if ~ not”.,A conjunctive phrase that indicates negative concession: “even if ~ not”.,Advanced,ずとも
〜ずにはおかない,A phrase that expresses the idea that someone/something necessarily or naturally causes something to happen.,A phrase that expresses the idea that someone/something necessarily or naturally causes something to happen.,Advanced,ずにはおかない
〜そのもの,A phrase used to refer strictly to the preceding noun (phrase) or adjective.,A phrase used to refer strictly to the preceding noun (phrase) or adjective.,Advanced,そのもの
そもそも（の）,A sentence-modifying adverb used when the speaker/writer comments on or questions a fundamental point.,A sentence-modifying adverb used when the speaker/writer comments on or questions a fundamental point.,Advanced,そもそも（の）
それだけ,"An adverbial phrase indicating that the degree of something is proportionate to the degree of the state, action or event mentioned in the preceding sentence.","An adverbial phrase indicating that the degree of something is proportionate to the degree of the state, action or event mentioned in the preceding sentence.",Advanced,それだけ
〜それなりに・の,"A phrase representing the idea that someone/something does something or is in a state in his/her/its own way, or in a way suitable to the situation or generally expected from the situation.","A phrase representing the idea that someone/something does something or is in a state in his/her/its own way, or in a way suitable to the situation or generally expected from the situation.",Advanced,それなりに・の
たかが,A noun modiﬁer used when the speaker thinks little of the referent of the modiﬁed noun or noun phrase.,A noun modiﬁer used when the speaker thinks little of the referent of the modiﬁed noun or noun phrase.,Advanced,たかが
〜だけあって,A phrase that means “and as one would expect” or “for good reason”.,A phrase that means “and as one would expect” or “for good reason”.,Advanced,だけあって
〜だけに,A phrase that carries the idea “as one would expect”.,A phrase that carries the idea “as one would expect”.,Advanced,だけに
〜だけのことはある,"A phrase expressing an evaluative comment regarding how something is contributing to an expected, remarkable result.","A phrase expressing an evaluative comment regarding how something is contributing to an expected, remarkable result.",Advanced,だけのことはある
ただ（補足）,A conjunction that introduces a supplementary remark.,A conjunction that introduces a supplementary remark.,Advanced,ただ
〜だって（理由）,A conjunction that indicates a reason.,A conjunction that indicates a reason.,Advanced,だって (1)
〜だって（追加・強調）,A particle meaning “too” or “even”.,A particle meaning “too” or “even”.,Advanced,だって (2)
たなり（で）,A conjunction indicating that a situation or condition remains unaltered.,A conjunction indicating that a situation or condition remains unaltered.,Advanced,たなり（で）
〜だに,A particle indicating that something expressed by the preceding verb alone produces a certain feeling or the meaning “(not) even doing something; doesn’t even occur”.,A particle indicating that something expressed by the preceding verb alone produces a certain feeling or the meaning “(not) even doing something; doesn’t even occur”.,Advanced,だに
だの,A conjunction that lists nouns/quotes inexhaustively.,A conjunction that lists nouns/quotes inexhaustively.,Advanced,だの
〜たるや,A compound particle used to present a subtopic about which the writer provides surprising or impressive information.,A compound particle used to present a subtopic about which the writer provides surprising or impressive information.,Advanced,たるや
ちなみに,A conjunction to indicate that what follows is additional information related to the previously stated main theme,A conjunction to indicate that what follows is additional information related to the previously stated main theme,Advanced,ちなみに
つい,An adverb used to describe someone doing something without being able to control himself/herself or used to indicate the closeness of a time or a place.,An adverb used to describe someone doing something without being able to control himself/herself or used to indicate the closeness of a time or a place.,Advanced,つい
〜ついでに,A phrase used to express the idea that someone does a second thing at the same time as the first because it takes less time or effort.,A phrase used to express the idea that someone does a second thing at the same time as the first because it takes less time or effort.,Advanced,ついでに
ついては,"A sentence-initial conjunction that means “with regard to this,” referring to what is stated in the preceding sentence.","A sentence-initial conjunction that means “with regard to this,” referring to what is stated in the preceding sentence.",Advanced,ついては
っけ,A colloquial sentence final particle marking a question.,A colloquial sentence final particle marking a question.,Advanced,っけ
〜であれ,A conjunctive phrase that expresses the idea of concession.,A conjunctive phrase that expresses the idea of concession.,Advanced,であれ
〜てはいられない,A phrase that is used when someone cannot be doing something or be in some state due to a given situation.,A phrase that is used when someone cannot be doing something or be in some state due to a given situation.,Advanced,てはいられない
〜てばかりはいられない,A phrase representing the idea that someone cannot just keep doing something or waste time being consumed by some emotion.,A phrase representing the idea that someone cannot just keep doing something or waste time being consumed by some emotion.,Advanced,てばかりはいられない
〜でも・じゃあるまいし,A phrase expressing the speaker’s belief that someone’s action is based on mistaken identity of himself/herself and also expressing the speaker’s critical comments about someone’s behaviour.,A phrase expressing the speaker’s belief that someone’s action is based on mistaken identity of himself/herself and also expressing the speaker’s critical comments about someone’s behaviour.,Advanced,でも・じゃあるまいし
〜て仕方がない,A phrase that represents emotions the speaker/writer cannot control or sensations/situations he/she cannot bear.,A phrase that represents emotions the speaker/writer cannot control or sensations/situations he/she cannot bear.,Advanced,て仕方がない
〜とあって,"A phrase that introduces a reason when the speaker/writer considers it natural that someone does something or is in some state, or that something takes place for that reason.","A phrase that introduces a reason when the speaker/writer considers it natural that someone does something or is in some state, or that something takes place for that reason.",Advanced,とあって
とあっては,A conditional phrase that indirectly presents a factual situation as a reason.,A conditional phrase that indirectly presents a factual situation as a reason.,Advanced,とあっては
といえども,A conjunction that expresses the idea of “even (though)”.,A conjunction that expresses the idea of “even (though)”.,Advanced,といえども
〜といった,A compound particle that introduces examples.,A compound particle that introduces examples.,Advanced,といった
〜といったところだ,A phrase the speaker/writer uses to explain something in a brief/rough manner.,A phrase the speaker/writer uses to explain something in a brief/rough manner.,Advanced,といったところだ
どうか,An adverb indicating a polite yet very strong request.,An adverb indicating a polite yet very strong request.,Advanced,どうか
〜どうにも〜ない,"A structure indicating that no matter how hard someone may try, something is impossible.","A structure indicating that no matter how hard someone may try, something is impossible.",Advanced,どうにも～ない
〜ところから,"A phrase that introduces the origins of names, theories, ideas and events.","A phrase that introduces the origins of names, theories, ideas and events.",Advanced,ところから
〜どころではない,A phrase indicating that an action/state is simply impossible due to an adverse situation.,A phrase indicating that an action/state is simply impossible due to an adverse situation.,Advanced,どころではない
〜どちらかと言うと,A phrase indicating that the speaker/writer chooses one alternative over another in a tentative way.,A phrase indicating that the speaker/writer chooses one alternative over another in a tentative way.,Advanced,どちらかと言うと
〜とても〜ない,"A structure that is used to deny emphatically the ability of someone/something or possibility of an event, state or action","A structure that is used to deny emphatically the ability of someone/something or possibility of an event, state or action",Advanced,とても～ない
〜とでも言うべき,A phrase that introduces a noun (or noun phrase) to describe the nature of someone or something.,A phrase that introduces a noun (or noun phrase) to describe the nature of someone or something.,Advanced,とでも言うべき
〜との,"A phrase that presents the content of the referent of the following noun (e.g., a report, notice, news, view).","A phrase that presents the content of the referent of the following noun (e.g., a report, notice, news, view).",Advanced,との
〜とは,"A compound particle marking an event, action or state that the speaker/writer does not expect and that causes him/her to feel some emotion","A compound particle marking an event, action or state that the speaker/writer does not expect and that causes him/her to feel some emotion",Advanced,とは
〜とばかりに,A phrase that indicates that someone does something in order to convey something or in such a way that someone is convinced that something is the case.,A phrase that indicates that someone does something in order to convey something or in such a way that someone is convinced that something is the case.,Advanced,とばかりに
〜とは言え,A conjunctive phrase meaning “although it is said that”,A conjunctive phrase meaning “although it is said that”,Advanced,とは言え
ども,A conjunction that indicates concession based on an actual state or action.,A conjunction that indicates concession based on an actual state or action.,Advanced,ども
〜ともすると,A phrase that expresses the idea that something is likely to take place.,A phrase that expresses the idea that something is likely to take place.,Advanced,ともすると
〜ともなく,"A phrase indicating that the subject does something without paying much attention, or that when, where, to whom, etc., something took place is unclear.","A phrase indicating that the subject does something without paying much attention, or that when, where, to whom, etc., something took place is unclear.",Advanced,ともなく
〜と言うか,A phrase used to restate what was just said in order to be more accurate or appropriate.,A phrase used to restate what was just said in order to be more accurate or appropriate.,Advanced,と言うか
〜と言うのは,A phrase that introduces the reason for what has just been said.,A phrase that introduces the reason for what has just been said.,Advanced,と言うのは
と言って,A conjunction used at the beginning of a sentence to convey the idea of “however”.,A conjunction used at the beginning of a sentence to convey the idea of “however”.,Advanced,と言って
〜ないことには,"A phrase that means “if something has not taken place, something else won’t/can’t take place”.","A phrase that means “if something has not taken place, something else won’t/can’t take place”.",Advanced,ないことには
〜ないし（は）,A particle that presents two possible choices or the minimum and maximum possible numbers/lengths/weights/etc. of something; or a conjunction that links two possible actions or events.,A particle that presents two possible choices or the minimum and maximum possible numbers/lengths/weights/etc. of something; or a conjunction that links two possible actions or events.,Advanced,ないし（は）
〜ないでもない,A phrase that indicates the speaker/writer hesitantly feels or expresses that something is the case.,A phrase that indicates the speaker/writer hesitantly feels or expresses that something is the case.,Advanced,ないでもない
ないまでも,"An adverbial phrase expressing the speaker’s feeling that although an ideal action or state isn’t possible, at least the next best action or state is or should be available.","An adverbial phrase expressing the speaker’s feeling that although an ideal action or state isn’t possible, at least the next best action or state is or should be available.",Advanced,ないまでも
なお,An adverb that indicates that an action or state is still going on or the degree of something increases; a conjunction indicating that an additional comment follows what has just been said in the preceding sentence.,An adverb that indicates that an action or state is still going on or the degree of something increases; a conjunction indicating that an additional comment follows what has just been said in the preceding sentence.,Advanced,なお
なおさら,An adverb indicating that the degree of something increases due to an additional circumstance.,An adverb indicating that the degree of something increases due to an additional circumstance.,Advanced,なおさら
〜なくして（は）,A compound particle meaning “without something”.,A compound particle meaning “without something”.,Advanced,なくして（は）
なしに,An adverbial phrase meaning “without (doing) something”.,An adverbial phrase meaning “without (doing) something”.,Advanced,なしに
なす,A verb that means “to cause something to happen”,A verb that means “to cause something to happen”,Advanced,なす
なぜか,An adverb indicating that the speaker/writer doesn’t know the cause of/reason for something,An adverb indicating that the speaker/writer doesn’t know the cause of/reason for something,Advanced,なぜか
〜なぜなら（ば）〜からだ,A structure used to introduce a reason for the statement in the preceding sentence.,A structure used to introduce a reason for the statement in the preceding sentence.,Advanced,なぜなら（ば）～からだ
なまじ（っか）,"An adverb indicating that something (including an action/state) has a positive value which hasn’t been reached, causing something negative.","An adverb indicating that something (including an action/state) has a positive value which hasn’t been reached, causing something negative.",Advanced,なまじ（っか）
〜ならでは（の）,A phrase indicating something is “impossible if it’s not X”.,A phrase indicating something is “impossible if it’s not X”.,Advanced,ならでは（の）
なり,A conjunction meaning “soon after”.,A conjunction meaning “soon after”.,Advanced,なり
なるほど,An adverb indicating that the speaker/writer afﬁrms the correctness of something he/she has heard/read/observed.,An adverb indicating that the speaker/writer afﬁrms the correctness of something he/she has heard/read/observed.,Advanced,なるほど
なんて（なんと）,A phrase used as the colloquial version of なんと.,A phrase used as the colloquial version of なんと.,Advanced,なんて (1)
〜なんて（感情・評価）,"A colloquial particle used to express a strong feeling such as astonishment, incredulousness, envy, disdain, dislike, happiness, etc.","A colloquial particle used to express a strong feeling such as astonishment, incredulousness, envy, disdain, dislike, happiness, etc.",Advanced,なんて (2)
〜に（も）なく,A phrase that means something unusual happens or someone does something unusual.,A phrase that means something unusual happens or someone does something unusual.,Advanced,に（も）なく
〜に/ともなると,A phrase that is used when something or some situation is perceived to be special.,A phrase that is used when something or some situation is perceived to be special.,Advanced,に/ともなると
〜にいたっては,A compound particle that indicates an extreme example.,A compound particle that indicates an extreme example.,Advanced,にいたっては
〜にかかわらず・に関/拘/係わらず,A compound particle that means “regardless of”,A compound particle that means “regardless of”,Advanced,にかかわらず・に関/拘/係わらず
〜にかけては,A compound particle that marks something in which someone excels or has conﬁdence.,A compound particle that marks something in which someone excels or has conﬁdence.,Advanced,にかけては
〜にかたくない・に難くない,A phrase that indicates that it is not hard to imagine or guess a situation.,A phrase that indicates that it is not hard to imagine or guess a situation.,Advanced,にかたくない・に難くない
〜にしたところで,A compound particle that means “even” or “also”.,A compound particle that means “even” or “also”.,Advanced,にしたところで
〜にして（時点・段階）,A compound particle that indicates a period of time/stage (in life) at which some surprising action or state takes place.,A compound particle that indicates a period of time/stage (in life) at which some surprising action or state takes place.,Advanced,にして (1)
〜にして（並列）,A conjunction meaning “and” that is used to combine two noun phrases or な-adjectives.,A conjunction meaning “and” that is used to combine two noun phrases or な-adjectives.,Advanced,にして (2)
〜にしてからが,A compound particle indicating that something unexpected occurs.,A compound particle indicating that something unexpected occurs.,Advanced,にしてからが
にしても,"A conjunction that represents the idea of “even if someone decides to do something,” or “even if/though someone decides that something is true/the case”.","A conjunction that represents the idea of “even if someone decides to do something,” or “even if/though someone decides that something is true/the case”.",Advanced,にしても
〜にしろ・せよ,A conjunctive phrase that carries the meaning of concession.,A conjunctive phrase that carries the meaning of concession.,Advanced,にしろ・せよ
につけ,A conjunction indicating that each time someone perceives something he/she feels or thinks something associated with it.,A conjunction indicating that each time someone perceives something he/she feels or thinks something associated with it.,Advanced,につけ
〜にとどまらず,A phrase indicating that something goes beyond a spatial/temporal boundary.,A phrase indicating that something goes beyond a spatial/temporal boundary.,Advanced,にとどまらず
〜にひきかえ,A phrase that indicates a sharp contrast.,A phrase that indicates a sharp contrast.,Advanced,にひきかえ
〜によらず,A compound particle that means “without depending on”.,A compound particle that means “without depending on”.,Advanced,によらず
〜によると,A compound particle that is used to identify the source of information provided in the sentence.,A compound particle that is used to identify the source of information provided in the sentence.,Advanced,によると
〜にわたって・わたる,A compound particle indicating that something takes place over a particular span of time or physical space.,A compound particle indicating that something takes place over a particular span of time or physical space.,Advanced,にわたって・わたる
〜に向けて・に向けた,"A compound particle that indicates the destination/direction of movement, the target/direction of an action, or the goal/purpose of an action.","A compound particle that indicates the destination/direction of movement, the target/direction of an action, or the goal/purpose of an action.",Advanced,に向けて・に向けた
〜に応じて・応じた,A compound particle that means “in response to”.,A compound particle that means “in response to”.,Advanced,に応じて・応じた
〜に決まっている,A phrase indicating the speaker’s/writer’s strong conviction or motivation.,A phrase indicating the speaker’s/writer’s strong conviction or motivation.,Advanced,に決まっている
〜に越したことはない,A phrase used to indicate that a state or action is more desirable.,A phrase used to indicate that a state or action is more desirable.,Advanced,に越したことはない
〜のなんのって,A phrase to emphasize that something/someone is/was in an extreme state or that someone does/did something to a great extent,A phrase to emphasize that something/someone is/was in an extreme state or that someone does/did something to a great extent,Advanced,のなんのって
〜のみならず,A phrase that is used in formal writing to mean “not only”.,A phrase that is used in formal writing to mean “not only”.,Advanced,のみならず
〜の無さ,A phrase that indicates a state where something is lacking.,A phrase that indicates a state where something is lacking.,Advanced,の無さ・のなさ
〜はあれ,A phrase expressing the idea “even though there is something”,A phrase expressing the idea “even though there is something”,Advanced,はあれ
〜はいいとしても,"A phrase that conveys the meaning “even if I/we accept something, something else is not acceptable”.","A phrase that conveys the meaning “even if I/we accept something, something else is not acceptable”.",Advanced,はいいとしても
〜はおろか,"A phrase that is used when something is not only true with one thing or person, but also with another thing or person that is less expected or understandable.","A phrase that is used when something is not only true with one thing or person, but also with another thing or person that is less expected or understandable.",Advanced,はおろか
ばかりに,A conjunction indicating that a single factor causes a negative situation.,A conjunction indicating that a single factor causes a negative situation.,Advanced,ばかりに
ばこそ,A conjunction that emphasizes a reason,A conjunction that emphasizes a reason,Advanced,ばこそ
はたして,"An adverb indicating that something occurred as the writer expected, or expressing in a concession clause the writer’s strong doubt.","An adverb indicating that something occurred as the writer expected, or expressing in a concession clause the writer’s strong doubt.",Advanced,はたして
〜は別として,A phrase used to present an exception or an issue the speaker/writer does not intend to cover as part of a larger statement.,A phrase used to present an exception or an issue the speaker/writer does not intend to cover as part of a larger statement.,Advanced,は別として
ひいては,An adverb indicating that something is perceived to eventually lead to a signiﬁcant result.,An adverb indicating that something is perceived to eventually lead to a signiﬁcant result.,Advanced,ひいては
ひとつ,"An adverb used when the speaker intends to do something, or asks someone a favour, or makes a suggestion or gives advice to someone.","An adverb used when the speaker intends to do something, or asks someone a favour, or makes a suggestion or gives advice to someone.",Advanced,ひとつ
〜べからず・べからざる,An auxiliary verb that indicates a strong prohibition.,An auxiliary verb that indicates a strong prohibition.,Advanced,べからず・べからざる
べく,"The verb modification form of the auxiliary bekida, which is used to indicate a purpose or aim.","The verb modification form of the auxiliary bekida, which is used to indicate a purpose or aim.",Advanced,べく
〜べくして,A phrase used when something occurs/occured exactly as expected,A phrase used when something occurs/occured exactly as expected,Advanced,べくして
〜べくもない,A phrase meaning “it is impossible to do something”,A phrase meaning “it is impossible to do something”,Advanced,べくもない
まして（や）,"An adverb expressing the idea that because one statement is true, the subsequent statement is naturally true.","An adverb expressing the idea that because one statement is true, the subsequent statement is naturally true.",Advanced,まして（や）
また,An adverb/conjunction that indicates repetition or addition.,An adverb/conjunction that indicates repetition or addition.,Advanced,また
〜まで（のこと）だ,"A phrase indicating someone’s decision to cope with a negative situation, or a simple, straight forward reason for his/her action.","A phrase indicating someone’s decision to cope with a negative situation, or a simple, straight forward reason for his/her action.",Advanced,まで（のこと）だ
むしろ,"An adverb that indicates one of two things/people/characteristics has been chosen rather than the other to express speaker’s/writer’s desire, preference or judgment.","An adverb that indicates one of two things/people/characteristics has been chosen rather than the other to express speaker’s/writer’s desire, preference or judgment.",Advanced,むしろ
〜もさることながら,A phrase used to mention something important and then introduce something more signiﬁcant.,A phrase used to mention something important and then introduce something more signiﬁcant.,Advanced,もさることながら
もしくは,A conjunction to disjunctively connect two items or ideas.,A conjunction to disjunctively connect two items or ideas.,Advanced,もしくは
もっとも,A conjunction used to add a comment indicating that what the speaker/writer has just expressed is not sufﬁcient.,A conjunction used to add a comment indicating that what the speaker/writer has just expressed is not sufﬁcient.,Advanced,もっとも
〜ものか（反語）,A rhetorical question marker that expresses a strong negative intention or disagreement.,A rhetorical question marker that expresses a strong negative intention or disagreement.,Advanced,ものか (1)
〜ものか（選択・自問）,A phrase indicating that the speaker wants to do something or is wondering what one he/she should choose.,A phrase indicating that the speaker wants to do something or is wondering what one he/she should choose.,Advanced,ものか (2)
ものではない,"A sentence-ﬁnal phrase indicating that one shouldn’t do something, one could not possibly do something, or one naturally cannot do something.","A sentence-ﬁnal phrase indicating that one shouldn’t do something, one could not possibly do something, or one naturally cannot do something.",Advanced,ものではない
ものなら,A conjunction indicating that the preceding clause presents a hypothetical situation that is unlikely to become a reality.,A conjunction indicating that the preceding clause presents a hypothetical situation that is unlikely to become a reality.,Advanced,ものなら
ものの,A conjunction that means “although”.,A conjunction that means “although”.,Advanced,ものの
ものを,A disjunctive coordinate conjunction expressing the meaning of “although” with the speaker’s strong feeling of discontent,A disjunctive coordinate conjunction expressing the meaning of “although” with the speaker’s strong feeling of discontent,Advanced,ものを
やら,A sentence-ﬁnal particle that marks a self-addressed question.,A sentence-ﬁnal particle that marks a self-addressed question.,Advanced,やら
や否や,A conjunction that expresses the idea that something happened or someone did something immediately following another event or action.,A conjunction that expresses the idea that something happened or someone did something immediately following another event or action.,Advanced,や否や・やいなや
ようでは,"A conjunction that presents an undesirable situation, which is assumed to be factual.","A conjunction that presents an undesirable situation, which is assumed to be factual.",Advanced,ようでは
〜ようと・が,A conjunctive phrase that expresses the idea of concession.,A conjunctive phrase that expresses the idea of concession.,Advanced,ようと・が
〜ようにも（〜ない）,"A conjunctive phrase that indicates concession: “even though someone tries to do something, he/she cannot do it for some reason”.","A conjunctive phrase that indicates concession: “even though someone tries to do something, he/she cannot do it for some reason”.",Advanced,ようにも（～ない）
〜ようものなら,A conjunctive phrase that presents an undesirable hypothetical situation.,A conjunctive phrase that presents an undesirable hypothetical situation.,Advanced,ようものなら
〜より・のほか（に）（は）〜ない,"A phrase that conveys the idea that there is no other choice than to do something, or that something is true of only one of a select few things.","A phrase that conveys the idea that there is no other choice than to do something, or that something is true of only one of a select few things.",Advanced,より・のほか（に）（は）～ない
〜をおいてほかに（は）〜ない,A phrase that means “there is nothing else besides X”.,A phrase that means “there is nothing else besides X”.,Advanced,をおいてほかに（は）～ない
〜をめぐって・めぐる,"A compound particle meaning “concerning; over”, which is used with an issue over which different opinions, ideas, etc., are expressed or exchanged.","A compound particle meaning “concerning; over”, which is used with an issue over which different opinions, ideas, etc., are expressed or exchanged.",Advanced,をめぐって・めぐる
〜をものともせず,A phrase indicating that someone does something bravely/fearlessly in spite of unfavourable circumstances.,A phrase indicating that someone does something bravely/fearlessly in spite of unfavourable circumstances.,Advanced,をものともせず
〜をよそに,"A compound particle that expresses someone’s indifference to warnings, criticism, advice, accusations, opposition, anxiety, wishes, eagerness, provocative actions, etc.","A compound particle that expresses someone’s indifference to warnings, criticism, advice, accusations, opposition, anxiety, wishes, eagerness, provocative actions, etc.",Advanced,をよそに
〜を中心に,A phrase that means “with something/someone at the centre”.,A phrase that means “with something/someone at the centre”.,Advanced,を中心に
〜を介して/介した,A compound particle that introduces a medium through which someone does something or something happens to someone or something.,A compound particle that introduces a medium through which someone does something or something happens to someone or something.,Advanced,を介して/介した
〜を問わず,A compound particle that means “without questioning”.,A compound particle that means “without questioning”.,Advanced,を問わず
〜を禁じ得ない,A phrase that is used when one cannot control emotions or reactions caused by emotions.,A phrase that is used when one cannot control emotions or reactions caused by emotions.,Advanced,を禁じ得ない
〜んとする,A phrase meaning for “someone to try to do something” or for “something to be about to occur”.,A phrase meaning for “someone to try to do something” or for “something to be about to occur”.,Advanced,んとする
んばかり（に）,An adverbial phrase that is used when a situation looks as if someone were about to do something or as if something were about to occur literally or ﬁguratively.,An adverbial phrase that is used when a situation looks as if someone were about to do something or as if something were about to occur literally or ﬁguratively.,Advanced,んばかり（に）
〜一[Counter]として〜ない,"A structure that means “not a single one"".","A structure that means “not a single one"".",Advanced,一[Counter]として～ない
一つには,"An adverb meaning “partly” in a context where someone gives one or two objectives, benefits, examples or reasons for something.","An adverb meaning “partly” in a context where someone gives one or two objectives, benefits, examples or reasons for something.",Advanced,一つには
〜一切〜ない,A structure that means “not at all”.,A structure that means “not at all”.,Advanced,一切～ない
一応,An adverb indicating that an action or state is only temporary or tentative or is superﬁcially conceived.,An adverb indicating that an action or state is only temporary or tentative or is superﬁcially conceived.,Advanced,一応
〜一方（だ）,A phrase indicating that “something happens continuously” or “someone does something repeatedly”.,A phrase indicating that “something happens continuously” or “someone does something repeatedly”.,Advanced,一方（だ）
一方（で）,A conjunction used to present two concurrent actions/events/states or contrastive situations.,A conjunction used to present two concurrent actions/events/states or contrastive situations.,Advanced,一方（で）
一旦,An adverb meaning “once” or “for a short time”.,An adverb meaning “once” or “for a short time”.,Advanced,一旦・いったん
且つ,"A conjunction meaning “and” that connects words, phrases and sentences.","A conjunction meaning “and” that connects words, phrases and sentences.",Advanced,且つ・かつ
並びに,A conjunction used to combine two nouns or noun phrases.,A conjunction used to combine two nouns or noun phrases.,Advanced,並びに
並み,A noun sufﬁx that adds the meaning “to match”.,A noun sufﬁx that adds the meaning “to match”.,Advanced,並み
〜中を,A phrase that specifies space or time in/through which someone/something does something.,A phrase that specifies space or time in/through which someone/something does something.,Advanced,中を
今更,An adverb indicating that someone feels that it is too late to do something.,An adverb indicating that someone feels that it is too late to do something.,Advanced,今更・いまさら
以来,An adverb meaning “since”,An adverb meaning “since”,Advanced,以来
仮に,An adverb that indicates the speaker’s/writer’s tentative supposition.,An adverb that indicates the speaker’s/writer’s tentative supposition.,Advanced,仮に
但し,"A conjunction indicating that there is a condition, restriction, proviso, etc., to the preceding statement.","A conjunction indicating that there is a condition, restriction, proviso, etc., to the preceding statement.",Advanced,但し・ただし
〜何[(Number)+Counter]も,"A phrase that indicates there is a large number of things, people, etc.","A phrase that indicates there is a large number of things, people, etc.",Advanced,何[(Number)+Counter]も
〜何〜ない,A structure indicating that something doesn't exist at all.,A structure indicating that something doesn't exist at all.,Advanced,何～ない
何とか,"An adverb expressing that someone somehow does something, or something somehow occurs.","An adverb expressing that someone somehow does something, or something somehow occurs.",Advanced,何とか
〜何も〜ない,A structure indicating that an action is taken for no good reason.,A structure indicating that an action is taken for no good reason.,Advanced,何も～ない
〜何ら〜ない,A structure that is used to express a strong negative statement.,A structure that is used to express a strong negative statement.,Advanced,何ら～ない
〜何らかの,A phrase used to indicate that the exact nature of something represented by the noun cannot be speciﬁed.,A phrase used to indicate that the exact nature of something represented by the noun cannot be speciﬁed.,Advanced,何らかの
〜割に（は）,A phrase that expresses the idea that something is not in proportion to what one would normally expect.,A phrase that expresses the idea that something is not in proportion to what one would normally expect.,Advanced,割に（は）
加えて,A conjunction that means “in addition to what has just been mentioned”.,A conjunction that means “in addition to what has just been mentioned”.,Advanced,加えて
単に,An adverb that means “simply”,An adverb that means “simply”,Advanced,単に
〜単位で,"A phrase that indicates the smallest amount, number or unit of something (or people) involved.","A phrase that indicates the smallest amount, number or unit of something (or people) involved.",Advanced,単位で
〜及び,A particle that connects two nouns or noun phrases.,A particle that connects two nouns or noun phrases.,Advanced,及び
反面,A conjunction used to contrast the positive and negative sides of something/someone.,A conjunction used to contrast the positive and negative sides of something/someone.,Advanced,反面
同士,A sufﬁx that adds the meaning of “the same things/people”.,A sufﬁx that adds the meaning of “the same things/people”.,Advanced,同士
〜向け,A suffix that adds the meaning of “aimed at”,A suffix that adds the meaning of “aimed at”,Advanced,向け
如何（だ）・いかん（だ）,A classic form of the adverb どのように “in what way”.,A classic form of the adverb どのように “in what way”.,Advanced,如何（だ）・いかん（だ）
〜思うに,A phrase indicating that the subsequent statement is the speaker’s/writer’s personal view.,A phrase indicating that the subsequent statement is the speaker’s/writer’s personal view.,Advanced,思うに
思えば,An adverb that indicates feelings of nostalgia or regret when recollecting one’s past experiences.,An adverb that indicates feelings of nostalgia or regret when recollecting one’s past experiences.,Advanced,思えば
〜恐れがある,"A phrase that means “it is feared (that)""","A phrase that means “it is feared (that)""",Advanced,恐れがある
折(に),"A noun indicating special/uncommon and primarily desirable occasions which someone takes advantage of, or where someone is expected to do something or where something desirable takes place.","A noun indicating special/uncommon and primarily desirable occasions which someone takes advantage of, or where someone is expected to do something or where something desirable takes place.",Advanced,折(に)
故に,A conjunction that presents a reason or a cause.,A conjunction that presents a reason or a cause.,Advanced,故に・ゆえに
更に,An adverb/conjunction that represents the idea of “additionally” or “further”.,An adverb/conjunction that represents the idea of “additionally” or “further”.,Advanced,更に
末（に）,"A noun that indicates the end of a period or the time after long, hard mental or physical work.","A noun that indicates the end of a period or the time after long, hard mental or physical work.",Advanced,末（に）
済む,A verb that means “to be finished; to do (in the sense of being enough)”.,A verb that means “to be finished; to do (in the sense of being enough)”.,Advanced,済む
〜滅多に〜ない,A structure that indicates extremely low frequency.,A structure that indicates extremely low frequency.,Advanced,滅多に～ない
由,A dependent noun that marks the content of what the writer has learned.,A dependent noun that marks the content of what the writer has learned.,Advanced,由・よし
甲斐・かい・がい,A dependent noun that means something is worth someone’s effort.,A dependent noun that means something is worth someone’s effort.,Advanced,甲斐・かい・がい
自体,A dependent noun that is used to emphasize the referent of the preceding noun.,A dependent noun that is used to emphasize the referent of the preceding noun.,Advanced,自体
〜見るからに,A phrase indicating that something can be (obviously) recognized through visual cues.,A phrase indicating that something can be (obviously) recognized through visual cues.,Advanced,見るからに
〜言うまでもない,A phrase indicating that what the speaker/writer expresses is generally known but that he/she presents it as a reminder.,A phrase indicating that what the speaker/writer expresses is generally known but that he/she presents it as a reminder.,Advanced,言うまでもない
〜言ってみれば,"A phrase signalling a comparison (including the use of simile and metaphor), a deﬁnition, or an explanation.","A phrase signalling a comparison (including the use of simile and metaphor), a deﬁnition, or an explanation.",Advanced,言ってみれば
言わば,An adverb that means “if I were to say it some way (or a different way)”.,An adverb that means “if I were to say it some way (or a different way)”.,Advanced,言わば
〜限りだ,"A phrase that indicates the extreme degree of the speaker’s/writer’s emotion — happiness, sorrow, envy, shame or loneliness, among others","A phrase that indicates the extreme degree of the speaker’s/writer’s emotion — happiness, sorrow, envy, shame or loneliness, among others",Advanced,限りだ
願う・願います,A verb that expresses a polite request.,A verb that expresses a polite request.,Advanced,願う・願います
名詞修飾節,Reference-backed canonical grammar entry for 名詞修飾節.,Reference-backed canonical grammar entry for 名詞修飾節.,Basic,Relative Clause
あとで,Some state or action takes place at a time (not always immediately) after another state or action has taken place.,Some state or action takes place at a time (not always immediately) after another state or action has taken place.,Basic,あとで
あまり（程度が低い）,The degree of something is not great.,The degree of something is not great.,Basic,あまり
ある（存在）,An inanimate thing exists.,An inanimate thing exists.,Basic,ある (1)
〜てある,Something has been done to something and the resultant state of that action remains.,Something has been done to something and the resultant state of that action remains.,Basic,ある (2)
いる（存在）,An animate thing exists.,An animate thing exists.,Basic,いる (1)
〜ている,"Someone or something is doing something he or it started some time ago, or is in a state created by an action he or it took some time ago.","Someone or something is doing something he or it started some time ago, or is in a state created by an action he or it took some time ago.",Basic,いる (2)
うちに,During a period when a certain situation remains in effect.,During a period when a certain situation remains in effect.,Basic,うちに
お,A prefix that expresses politeness.,A prefix that expresses politeness.,Basic,お
〜お〜する,A phrase which humbly expresses the speaker’s politeness to someone when describing the speaker’s action or state that involves or affects that person.,A phrase which humbly expresses the speaker’s politeness to someone when describing the speaker’s action or state that involves or affects that person.,Basic,お～する
おく,Do something in advance for future convenience.,Do something in advance for future convenience.,Basic,おく
〜か（選択）,A particle which marks an alternative.,A particle which marks an alternative.,Basic,か (1)
〜が（主語）,A particle which indicates the subject.,A particle which indicates the subject.,Basic,が (1)
〜か（疑問）,A sentence final particle which indicates that the preceding sentence is interrogative.,A sentence final particle which indicates that the preceding sentence is interrogative.,Basic,か (2)
〜が（逆接）,A disjunctive coordinate conjunction that combines two sentences.,A disjunctive coordinate conjunction that combines two sentences.,Basic,が (2)
〜か（埋め込み疑問）,A marker for an embedded yes-no question.,A marker for an embedded yes-no question.,Basic,か(どうか)
〜かい,A sentence final particle which marks yes-no questions in informal male speech.,A sentence final particle which marks yes-no questions in informal male speech.,Basic,かい
〜かしら,A sentence final particle which expresses the idea that the female speaker wonders about something.,A sentence final particle which expresses the idea that the female speaker wonders about something.,Basic,かしら
〜から（起点・出所）,A particle which indicates a starting point or a source.,A particle which indicates a starting point or a source.,Basic,から (1)
〜から（時間起点）,After/since a point in time at which something takes place.,After/since a point in time at which something takes place.,Basic,から (2)
〜から（理由）,A subordinate conjunction which expresses a reason or a cause.,A subordinate conjunction which expresses a reason or a cause.,Basic,から (3)
けれども,A disjunctive subordinate conjunction that combines two sentences.,A disjunctive subordinate conjunction that combines two sentences.,Basic,けれども
こと（形式名詞・事柄）,A thing which is intangible.,A thing which is intangible.,Basic,こと (1)
〜こと（名詞化）,A nominaliser used to indicate the speaker’s relative lack of empathy with the content of the sentence he is nominalising.,A nominaliser used to indicate the speaker’s relative lack of empathy with the content of the sentence he is nominalising.,Basic,こと (2)
〜たことがある,There was a time when ~,There was a time when ~,Basic,ことがある (1)
〜ことがある（時々）,There are times when ~.,There are times when ~.,Basic,ことがある (2)
ごとに,Something takes place regularly in succession after a certain temporal or spatial interval.,Something takes place regularly in succession after a certain temporal or spatial interval.,Basic,ごとに
ことは,"Speaking of proposition X, X is certainly true.","Speaking of proposition X, X is certainly true.",Basic,ことは
〜さ（名詞化）,A suffix that makes a noun out of an adjective by attaching it to the stem of an Adj (い) or much less frequently to the stem of an Adj (な),A suffix that makes a noun out of an adjective by attaching it to the stem of an Adj (い) or much less frequently to the stem of an Adj (な),Basic,さ
させる,Cause someone/something to do something or cause something to change its state.,Cause someone/something to do something or cause something to change its state.,Basic,させる
しい,An infix attached to the stem of an adjective い to indicate something that one cannot objectively measure on any scale (e.g. human emotion).,An infix attached to the stem of an adjective い to indicate something that one cannot objectively measure on any scale (e.g. human emotion).,Basic,しい
〜しか,A particle which marks an element X when nothing but X makes the expressed proposition true.,A particle which marks an element X when nothing but X makes the expressed proposition true.,Basic,しか
〜しまう,An auxiliary verb which indicates the completion of an action.,An auxiliary verb which indicates the completion of an action.,Basic,しまう
〜ずつ,A particle that indicates equal distribution of quantity.,A particle that indicates equal distribution of quantity.,Basic,ずつ
〜くする／〜にする（変化）,Someone/something causes a state or action to take place.,Someone/something causes a state or action to take place.,Basic,する (1)
する（属性）,Someone or something has some (semi)permanent attribute.,Someone or something has some (semi)permanent attribute.,Basic,する (2)
〜がする（感覚）,Something is perceived by someone’s non-visual senses.,Something is perceived by someone’s non-visual senses.,Basic,する (3)
する（値段・時間）,A verb that indicates how much something costs or a duration of time.,A verb that indicates how much something costs or a duration of time.,Basic,する (4)
すると,A coordinate conjunction which connects two sentences (the second sentence either describes an event which takes place right after the event described in the first sentence or it expresses a logical guess related to the event in the first sentence.),A coordinate conjunction which connects two sentences (the second sentence either describes an event which takes place right after the event described in the first sentence or it expresses a logical guess related to the event in the first sentence.),Basic,すると
せっかく,"Some situation which seldom occurs has now occurred and one can either make use of it or, to one’s regret, cannot make use of it.","Some situation which seldom occurs has now occurred and one can either make use of it or, to one’s regret, cannot make use of it.",Basic,せっかく
〜そうだ（伝聞）,An auxiliary which indicates that the information expressed by the preceding sentence is what the speaker heard.,An auxiliary which indicates that the information expressed by the preceding sentence is what the speaker heard.,Basic,そうだ (1)
〜そうだ（様態）,"An auxiliary adjective which indicates that what is expressed by the preceding sentence is the speaker’s conjecture concerning an event in the future or the present state of someone or something, based on what the speaker sees or feels.","An auxiliary adjective which indicates that what is expressed by the preceding sentence is the speaker’s conjecture concerning an event in the future or the present state of someone or something, based on what the speaker sees or feels.",Basic,そうだ (2)
そして,A coordinate conjunction that connects two sentences.,A coordinate conjunction that connects two sentences.,Basic,そして
それから,"A conjunction that indicates (1) temporally contiguous actions or states, or (2) a cumulative listing of objects, actions or states.","A conjunction that indicates (1) temporally contiguous actions or states, or (2) a cumulative listing of objects, actions or states.",Basic,それから
それで,A conjunction to indicate that what is stated in the preceding sentence is the reason or cause for what is stated in the following sentence.,A conjunction to indicate that what is stated in the preceding sentence is the reason or cause for what is stated in the following sentence.,Basic,それで
それでは,If that is the case,If that is the case,Basic,それでは
それとも,A coordinate conjunction which connects two alternatives expressed by sentences.,A coordinate conjunction which connects two alternatives expressed by sentences.,Basic,それとも
それなら,"If that is the case,","If that is the case,",Basic,それなら
〜だい,A sentence final particle which indicates an interrogative word question in informal male speech.,A sentence final particle which indicates an interrogative word question in informal male speech.,Basic,だい
だけで(は)なく〜(も),"Not only X but also Y, where X and Y can be either a noun, a verb, or an adjective.","Not only X but also Y, where X and Y can be either a noun, a verb, or an adjective.",Basic,だけで(は)なく～(も)
たって,Even if someone did something or something were in some state (the desired result would not come about) or even if someone or something is in some state.,Even if someone did something or something were in some state (the desired result would not come about) or even if someone or something is in some state.,Basic,たって
〜たり〜たりする,A phrase which expresses an inexhaustive listing of action or states.,A phrase which expresses an inexhaustive listing of action or states.,Basic,たり～たりする
〜って（話題）,A colloquial topic-introducer.,A colloquial topic-introducer.,Basic,って (1)
〜って（引用）,A colloquial quotation marker.,A colloquial quotation marker.,Basic,って (2)
〜て（接続形）,The て form ending of verbs and い-type adjectives (The て form ending of な-type adjectives and the て form of the copula is で.),The て form ending of verbs and い-type adjectives (The て form ending of な-type adjectives and the て form of the copula is で.),Basic,て
〜で（場所）,"A particle which indicates location, except for location of existence.","A particle which indicates location, except for location of existence.",Basic,で (1)
〜で（手段）,A particle which indicates the use of something for doing something.,A particle which indicates the use of something for doing something.,Basic,で (2)
〜で（原因）,A particle (apparently derived from the て form of です) that indicates a weak causal relationship.,A particle (apparently derived from the て form of です) that indicates a weak causal relationship.,Basic,で (3)
〜で（範囲・所要）,A particle which indicates the time when something terminates or the amount of time a period of activity has taken.,A particle which indicates the time when something terminates or the amount of time a period of activity has taken.,Basic,で (4)
でも,The て form of です plus も ‘even’.,The て form of です plus も ‘even’.,Basic,でも
〜と（並列）,A particle which lists things exhaustively.,A particle which lists things exhaustively.,Basic,と (1)
〜と（相手）,A particle marking the noun phrase which maintains a reciprocal relationship with the subject of a clause.,A particle marking the noun phrase which maintains a reciprocal relationship with the subject of a clause.,Basic,と (2)
〜と（引用・様態）,"A particle which marks a quotation, sound or the manner in which someone/something does something.","A particle which marks a quotation, sound or the manner in which someone/something does something.",Basic,と (3)
〜と（条件）,A subordinate conjunction which marks a condition that brings about an uncontrollable event or state.,A subordinate conjunction which marks a condition that brings about an uncontrollable event or state.,Basic,と (4)
〜という,A phrase marking information which identifies or explains the noun following the phrase.,A phrase marking information which identifies or explains the noun following the phrase.,Basic,という
どう,An interrogative adverb which asks about the state of someone/something or the way of doing something.,An interrogative adverb which asks about the state of someone/something or the way of doing something.,Basic,どう
とか,"A conjunction that lists two or more items, actions or states as inexhaustive examples.","A conjunction that lists two or more items, actions or states as inexhaustive examples.",Basic,とか
ところだ（距離・所要）,A place is in a location which takes a certain amount of time to get to.,A place is in a location which takes a certain amount of time to get to.,Basic,ところだ (1)
〜ところだ（時相）,"Someone/something is in the state where he/it is just about to do something, is doing something, has done something, or has been doing something.","Someone/something is in the state where he/it is just about to do something, is doing something, has done something, or has been doing something.",Basic,ところだ (2)
〜として,"A compound particle which indicates the capacity, role or function of someone or something.","A compound particle which indicates the capacity, role or function of someone or something.",Basic,として
〜としては,A compound particle which indicates a standard for comparisons.,A compound particle which indicates a standard for comparisons.,Basic,としては
と言えば,An expression which presents as the topic of a following discourse a phrase which has just been uttered.,An expression which presents as the topic of a following discourse a phrase which has just been uttered.,Basic,と言えば
な,A negative imperative marker used by a male speaker in very informal speech,A negative imperative marker used by a male speaker in very informal speech,Basic,な
なければならない,It won’t do if someone does not take some action or if someone or something is not in some state.,It won’t do if someone does not take some action or if someone or something is not in some state.,Basic,なければならない
など,A marker that indicates exemplification.,A marker that indicates exemplification.,Basic,など
〜に（時点）,A particle that indicates a point of time at which something takes place.,A particle that indicates a point of time at which something takes place.,Basic,に (1)
〜に（間接目的語）,An indirect object marker.,An indirect object marker.,Basic,に (2)
〜に（動作主・起点）,"A particle that indicates an agent or a source in passive, causative, もらう/てまらう and other receiving constructions.","A particle that indicates an agent or a source in passive, causative, もらう/てまらう and other receiving constructions.",Basic,に (3)
〜に（接触面）,A particle that indicates the surface of something upon which some action directly takes place.,A particle that indicates the surface of something upon which some action directly takes place.,Basic,に (4)
〜に（移動目的）,A particle which indicates purpose when someone moves from one place to another.,A particle which indicates purpose when someone moves from one place to another.,Basic,に (5)
〜に（存在場所）,A particle which indicates the location where someone or something exists.,A particle which indicates the location where someone or something exists.,Basic,に (6)
〜に（移動先）,A particle which indicates a place toward which someone or something moves.,A particle which indicates a place toward which someone or something moves.,Basic,に (7)
〜にしては,A phrase that indicates a generally agreed upon standard (the entire sentence that includes this phrase expresses some deviation from that standard.),A phrase that indicates a generally agreed upon standard (the entire sentence that includes this phrase expresses some deviation from that standard.),Basic,にしては
に違いない,The speaker is convinced that there is no mistake on his part in guessing something.,The speaker is convinced that there is no mistake on his part in guessing something.,Basic,に違いない・にちがいない
〜ね,A sentence final particle that indicates the speaker’s request for confirmation or agreement from the hearer about some shared knowledge.,A sentence final particle that indicates the speaker’s request for confirmation or agreement from the hearer about some shared knowledge.,Basic,ね
〜の（連体修飾）,"A particle which, with a preceding noun phrase, forms a phrase to modify a following noun phrase.","A particle which, with a preceding noun phrase, forms a phrase to modify a following noun phrase.",Basic,の (1)
〜の（代名詞）,A dependent indefinite pronoun.,A dependent indefinite pronoun.,Basic,の (2)
〜の（名詞化）,A nominaliser which is used when the nominalised sentence expresses a directly perceptible event.,A nominaliser which is used when the nominalised sentence expresses a directly perceptible event.,Basic,の (3)
〜の（終助詞）,A sentence-final particle used by a female or a child to indicate an explanation or emotive emphasis.,A sentence-final particle used by a female or a child to indicate an explanation or emotive emphasis.,Basic,の (4)
のだ,"A sentence ending which indicates that the speaker is explaining or asking for an explanation about some information shared with the hearer, or is talking about something emotively, as if it were of common interest to the speaker and the hearer.","A sentence ending which indicates that the speaker is explaining or asking for an explanation about some information shared with the hearer, or is talking about something emotively, as if it were of common interest to the speaker and the hearer.",Basic,のだ
〜のは〜だ,"A structure that indicates new, important information by placing it between [x] and the copula [x] ([x] is an indefinite pronoun ([x]2) that replaces ‘time’,’person’, ‘thing’, ‘place’ or ‘reason’.)","A structure that indicates new, important information by placing it between [x] and the copula [x] ([x] is an indefinite pronoun ([x]2) that replaces ‘time’,’person’, ‘thing’, ‘place’ or ‘reason’.)",Basic,のは～だ
〜は（主題）,A particle which marks a topic or a contrastive element.,A particle which marks a topic or a contrastive element.,Basic,は (1)
は〜が,A construction which relates a non-controllable state of something or someone to a topic,A construction which relates a non-controllable state of something or someone to a topic,Basic,は～が
は〜だ,"Someone or something is/was someone or something or is/was in some state, or will do/does/did something.","Someone or something is/was someone or something or is/was in some state, or will do/does/did something.",Basic,は～だ
〜はいけない,A phrase which indicates prohibition.,A phrase which indicates prohibition.,Basic,はいけない
〜ばかり,"A particle which indicates that something is the only thing or state which exists, or the action someone will take, takes, is taking or took.","A particle which indicates that something is the only thing or state which exists, or the action someone will take, takes, is taking or took.",Basic,ばかり
〜へ,A particle that indicates the direction toward which some directional movement or action proceeds.,A particle that indicates the direction toward which some directional movement or action proceeds.,Basic,へ
ほうが〜より,"Comparing two entities, one is in some state or does something more than the other.","Comparing two entities, one is in some state or does something more than the other.",Basic,ほうが~より
ほうがいい,It is strongly suggested that someone do something.,It is strongly suggested that someone do something.,Basic,ほうがいい
ましょう,A verb ending which indicates the first person’s volition or invitation in formal speech.,A verb ending which indicates the first person’s volition or invitation in formal speech.,Basic,ましょう
まだ,Someone or something is in some state he or it was in some time ago.,Someone or something is in some state he or it was in some time ago.,Basic,まだ
まま,An already given situation or condition remains unaltered.,An already given situation or condition remains unaltered.,Basic,まま
みる,Do something to see what it’s like or what will happen.,Do something to see what it’s like or what will happen.,Basic,みる
〜も（追加）,A particle which indicates that a proposition about the preceeding element X is also true when another similar proposition is true.,A particle which indicates that a proposition about the preceeding element X is also true when another similar proposition is true.,Basic,も
〜も（強調）,A marker which indicates emphasis.,A marker which indicates emphasis.,Basic,も (2)
〜も〜も,The repeated use of a particle meaning ‘also’ to list elements belonging to the same part of speech.,The repeated use of a particle meaning ‘also’ to list elements belonging to the same part of speech.,Basic,も~も
もう,Someone or something is no longer in the same state that he or it was in some time ago.,Someone or something is no longer in the same state that he or it was in some time ago.,Basic,もう
〜ものだ,The speaker presents some situation as if it were a tangible object.,The speaker presents some situation as if it were a tangible object.,Basic,もの（だ）
や,A coordinate conjunction that is used to list two or more items (nouns or noun phrases) in an inexhaustive fashion.,A coordinate conjunction that is used to list two or more items (nouns or noun phrases) in an inexhaustive fashion.,Basic,や
やはり,"An adverb indicating that the actual situation expectedly/anticipatively conforms to a standard based on past experience, comparison with other people, or common sense.","An adverb indicating that the actual situation expectedly/anticipatively conforms to a standard based on past experience, comparison with other people, or common sense.",Basic,やはり
〜ように（目的・結果）,Do something in such a way that ~.,Do something in such a way that ~.,Basic,ように (1)
〜ように（様態）,An adverbial form of ようだ,An adverbial form of ようだ,Basic,ように (2)
ように言う,Tell someone in such a way that he will do something.,Tell someone in such a way that he will do something.,Basic,ように言う
〜より（比較）,A particle which indicates that something/someone is being compared with something/someone.,A particle which indicates that something/someone is being compared with something/someone.,Basic,より (1)
〜より（起点）,A particle which indicates a set point in terms of space or time.,A particle which indicates a set point in terms of space or time.,Basic,より (2)
〜られる（自発・受身）,A state or an action cannot be controlled by someone or something.,A state or an action cannot be controlled by someone or something.,Basic,られる (1)
可能形,An auxiliary verb which indicates potential.,An auxiliary verb which indicates potential.,Basic,られる (2)
〜わ,A sentence final particle used in weak assertive or volitional sentences by a female speaker.,A sentence final particle used in weak assertive or volitional sentences by a female speaker.,Basic,わ (2)
〜を（目的語）,A particle which marks a direct object.,A particle which marks a direct object.,Basic,を (1)
〜を（経路）,A particle which indicates a space in/on/across/through/along which someone or something moves.,A particle which indicates a space in/on/across/through/along which someone or something moves.,Basic,を (2)
〜を（起点）,A particle that marks the location from which some movement begins.,A particle that marks the location from which some movement begins.,Basic,を (3)
〜を（感情の対象・原因）,A particle that marks the cause of some human emotion.,A particle that marks the cause of some human emotion.,Basic,を (4)
一番,A superlative marker.,A superlative marker.,Basic,一番・いちばん
〜下さい,An auxiliary verb which indicates a polite request.,An auxiliary verb which indicates a polite request.,Basic,下さい・ください
代わりに,Something (including an action) replaces something else.,Something (including an action) replaces something else.,Basic,代わりに・かわりに
分かる,"Can figure out (spontaneously) various facts –such as content, nature, value, meaning, cause, reason, result– about something whose existence is presupposed.","Can figure out (spontaneously) various facts –such as content, nature, value, meaning, cause, reason, result– about something whose existence is presupposed.",Basic,分かる・わかる
〜君,A suffix attached to the first or last name of a male equal or to the first or last name of a person whose status or rank is lower than the speaker’s.,A suffix attached to the first or last name of a male equal or to the first or last name of a person whose status or rank is lower than the speaker’s.,Basic,君・くん
堪らない,The speaker or whomever he empathises with cannot cope with a situation expressed by the て phrase.,The speaker or whomever he empathises with cannot cope with a situation expressed by the て phrase.,Basic,堪らない・たまらない
多い,(of quantity or number) a lot,(of quantity or number) a lot,Basic,多い・おおい
好きだ,Something or someone is what someone likes.,Something or someone is what someone likes.,Basic,好きだ・すきだ
嫌いだ,Something or someone is what someone does not like.,Something or someone is what someone does not like.,Basic,嫌いだ・きらいだ
少ない,Small in number of quantity.,Small in number of quantity.,Basic,少ない・すくない
〜屋,"A suffix attached to names of stores, inns and Japanese style restaurants or to persons engaged in certain occupations","A suffix attached to names of stores, inns and Japanese style restaurants or to persons engaged in certain occupations",Basic,屋・や
〜様,A suffix (originally meaning 'appearance') that indicates the speaker's/writer's politeness towards someone.,A suffix (originally meaning 'appearance') that indicates the speaker's/writer's politeness towards someone.,Basic,様・さま
毎,A prefix which means ‘every (unit of time)’.,A prefix which means ‘every (unit of time)’.,Basic,毎・まい
知る,Someone gets information from some outside source.,Someone gets information from some outside source.,Basic,知る・しる
聞こえる,Something is passively and spontaneously audiable.,Something is passively and spontaneously audiable.,Basic,聞こえる・きこえる
自分（共感視点）,A reflexive pronoun that refers (back) to a human subject with whom the speaker is empathising.,A reflexive pronoun that refers (back) to a human subject with whom the speaker is empathising.,Basic,自分・じぶん (1)
自分（対比）,"A reflexive pronoun that refers (back) to a human subject, the referent of which is contrasted with someone else.","A reflexive pronoun that refers (back) to a human subject, the referent of which is contrasted with someone else.",Basic,自分・じぶん (2)
要る,"Someone, something needs something","Someone, something needs something",Basic,要る・いる (3)
見える,Someone or something is passively/spontaneously visible.,Someone or something is passively/spontaneously visible.,Basic,見える・みえる
〜（の）上で,A compound particle that is used to express a preparatory action for a relatively important action.,A compound particle that is used to express a preparatory action for a relatively important action.,Intermediate,（の）上で
（の）代わりに,"An action/state that is expressed in the subordinate clause is balanced by another action/state expressed in the main clause, or something/someone that is replaced by something/someone else.","An action/state that is expressed in the subordinate clause is balanced by another action/state expressed in the main clause, or something/someone that is replaced by something/someone else.",Intermediate,（の）代わりに
〜ばかりか〜（さえ）,"A compound particle/conjunction which is used to connect two nouns or two sentences, the first of which is something normally expected and the second of which is something normally unexpected.","A compound particle/conjunction which is used to connect two nouns or two sentences, the first of which is something normally expected and the second of which is something normally unexpected.",Intermediate,~ばかりか~（さえ）
Imperative,Verb forms which indicate commands or requests.,Verb forms which indicate commands or requests.,Intermediate,Imperative
Rhetorical Question,A question which functions as a forceful statement with no expected response.,A question which functions as a forceful statement with no expected response.,Intermediate,Rhetorical Question
Vmasu,"A continuative form of a verb which means ""V and..."".","A continuative form of a verb which means ""V and..."".",Intermediate,Vmasu
Vmasu as a Noun,Vます used as a regular noun.,Vます used as a regular noun.,Intermediate,Vmasu as a Noun
〜あまり（過度の結果）,A conjunction which marks a cause that involves excessive action.,A conjunction which marks a cause that involves excessive action.,Intermediate,あまり
いかにも,An adverb that indicates the speaker/writer's emotive conviction.,An adverb that indicates the speaker/writer's emotive conviction.,Intermediate,いかにも
〜お〜だ,A phrase which expresses the speaker's respect for someone when describing that person's action or state.,A phrase which expresses the speaker's respect for someone when describing that person's action or state.,Intermediate,お~だ
〜お〜下さい,A phrase which expresses a highly polite request.,A phrase which expresses a highly polite request.,Intermediate,お~下さい
おり,Vます of the auxiliary verb おる.,Vます of the auxiliary verb おる.,Intermediate,おり
〜か〜か,A structure to mark two choices or possibilities about which the speaker/writer is not sure.,A structure to mark two choices or possibilities about which the speaker/writer is not sure.,Intermediate,か~か
かえって,Contrary to one's expectation an opposite result comes about.,Contrary to one's expectation an opposite result comes about.,Intermediate,かえって
〜がたい,An auxiliary adjective which expresses the idea that for someone to do something is virtually impossible or impossible.,An auxiliary adjective which expresses the idea that for someone to do something is virtually impossible or impossible.,Intermediate,がたい
〜がち,A suffix to express an undesirable tendency in someone or something.,A suffix to express an undesirable tendency in someone or something.,Intermediate,がち
かと言うと,A conjunction to indicate the speaker's assertion that a popular belief is not right.,A conjunction to indicate the speaker's assertion that a popular belief is not right.,Intermediate,かと言うと
〜かな（自問）,A sentence-final particle that indicates a self-addressed question or a question addressed to an in-group member.,A sentence-final particle that indicates a self-addressed question or a question addressed to an in-group member.,Intermediate,かな
〜かねる,An auxiliary expressing that someone cannot do something even if s/he wants to do it.,An auxiliary expressing that someone cannot do something even if s/he wants to do it.,Intermediate,かねる
〜から〜にかけて,A structure that expresses coverage from one time/location into the other.,A structure that expresses coverage from one time/location into the other.,Intermediate,から~にかけて
〜から〜に至るまで,A structure that expresses a wide range of things.,A structure that expresses a wide range of things.,Intermediate,から~に至るまで
からと言って,"A conjunction which introduces the reason for someone's action or for someone's having some idea, and conveys disapproval of the action or idea.","A conjunction which introduces the reason for someone's action or for someone's having some idea, and conveys disapproval of the action or idea.",Intermediate,からと言って
〜かろう,An auxiliary indicating the writer's conjecture which is not based on any particular information or evidence.,An auxiliary indicating the writer's conjecture which is not based on any particular information or evidence.,Intermediate,かろう
く,A continuative form of an い-type adjective.,A continuative form of an い-type adjective.,Intermediate,く
くせに,"A conjunction which expresses the speaker's contempt, anger, or disagreement about someone's action, behaviour, or state.","A conjunction which expresses the speaker's contempt, anger, or disagreement about someone's action, behaviour, or state.",Intermediate,くせに
こうした,A demonstrative which refers to someone or something mentioned as an example in previous discourse.,A demonstrative which refers to someone or something mentioned as an example in previous discourse.,Intermediate,こうした
〜こそ,"A particle which emphasizes a word, phrase, or clause.","A particle which emphasizes a word, phrase, or clause.",Intermediate,こそ
〜こと（命令）,An auxiliary noun to express a command.,An auxiliary noun to express a command.,Intermediate,こと
〜ことで,A compound particle which indicates a means or a cause.,A compound particle which indicates a means or a cause.,Intermediate,ことで
〜ことによる,A phrase which is used to present an event as the cause of something.,A phrase which is used to present an event as the cause of something.,Intermediate,ことによる
〜ことはない,A phrase which expresses the idea that there is no need to do something or that there is no possibility of doing something.,A phrase which expresses the idea that there is no need to do something or that there is no possibility of doing something.,Intermediate,ことはない
この,A demonstrative adjective which indicates a time or time period around the moment of speech.,A demonstrative adjective which indicates a time or time period around the moment of speech.,Intermediate,この
〜さ（終助詞）,A sentence final particle used in highly informal speech by male speakers to express different degrees of assertion ranging from a light touch comment up to opposition or imposition.,A sentence final particle used in highly informal speech by male speakers to express different degrees of assertion ranging from a light touch comment up to opposition or imposition.,Intermediate,さ
さえ,"An emphatic particle which expresses the idea of ""even"" in non-conditional clauses (or sentences) or the idea of ""only"" in conditional clauses.","An emphatic particle which expresses the idea of ""even"" in non-conditional clauses (or sentences) or the idea of ""only"" in conditional clauses.",Intermediate,さえ
さすが,An adverb that expresses the speaker's/writer's strong feeling that something has turned out as s/he expected.,An adverb that expresses the speaker's/writer's strong feeling that something has turned out as s/he expected.,Intermediate,さすが
〜ざるを得ない,An auxiliary indicating that there is no other choice but to do something.,An auxiliary indicating that there is no other choice but to do something.,Intermediate,ざるを得ない
しかも,A conjunction which is used to provide additional important information.,A conjunction which is used to provide additional important information.,Intermediate,しかも
したがって,A conjunction that is used to indicate that a result/situation follows necessarily from the foregoing situation.,A conjunction that is used to indicate that a result/situation follows necessarily from the foregoing situation.,Intermediate,したがって
すぐ,Without having much temporal or physical distance.,Without having much temporal or physical distance.,Intermediate,すぐ
せい,A dependent noun expressing a cause which brings about an undesirable result.,A dependent noun expressing a cause which brings about an undesirable result.,Intermediate,せい
せめて,An adverb that indicates the speaker/writer's minimally satisfactory level.,An adverb that indicates the speaker/writer's minimally satisfactory level.,Intermediate,せめて
〜ぞ,A sentence final particle that emphasises a male speaker's emotion about something in his monologue or his strong desire to draw someone else's attention.,A sentence final particle that emphasises a male speaker's emotion about something in his monologue or his strong desire to draw someone else's attention.,Intermediate,ぞ
〜そうかと言って,"A structure which expresses that the speaker/writer cannot easily accept the corollary from the preceding statement owing to some circumstances, although he feels like accepting it","A structure which expresses that the speaker/writer cannot easily accept the corollary from the preceding statement owing to some circumstances, although he feels like accepting it",Intermediate,そうかと言って
〜そうになる,A phrase expressing that something almost happens.,A phrase expressing that something almost happens.,Intermediate,そうになる
そこで（理由→行動）,A conjunction which connects a situation presented as a reason and an action taken because of that situation,A conjunction which connects a situation presented as a reason and an action taken because of that situation,Intermediate,そこで
そこで（時点→行動）,A conjunction which connects an event and an action taken at the time of the event,A conjunction which connects an event and an action taken at the time of the event,Intermediate,そこで (2)
そこを,A conjunction used to indicate that in spite of the negative situation mentioned in the previous part of the sentence/discourse some positive effort is made.,A conjunction used to indicate that in spite of the negative situation mentioned in the previous part of the sentence/discourse some positive effort is made.,Intermediate,そこを
その上,"A conjunction which introduces an additional, emphatic statement.","A conjunction which introduces an additional, emphatic statement.",Intermediate,その上
それが,An interjection which signals that the speaker is going to provide an unexpected response to a question.,An interjection which signals that the speaker is going to provide an unexpected response to a question.,Intermediate,それが
それぞれ,Each of two or more things/persons.,Each of two or more things/persons.,Intermediate,それぞれ
それでも,In spite of the circumstance expressed in the preceding sentence.,In spite of the circumstance expressed in the preceding sentence.,Intermediate,それでも
それと,A conjunction which introduces an additional item or statement.,A conjunction which introduces an additional item or statement.,Intermediate,それと
それどころか,A conjunction that is used to indicate that the level/degree of a fact or a situation expressed in the second sentence is far above or below the level/degree of a fact or a situation expressed in the first sentence.,A conjunction that is used to indicate that the level/degree of a fact or a situation expressed in the second sentence is far above or below the level/degree of a fact or a situation expressed in the first sentence.,Intermediate,それどころか
それに,A conjunction which introduces an additional item or statement.,A conjunction which introduces an additional item or statement.,Intermediate,それに
それは,An interjection which is used when the speaker emphatically provides an expected response to a question.,An interjection which is used when the speaker emphatically provides an expected response to a question.,Intermediate,それは
それも,A conjunction which is used to add more specific information to information about a rather uncommon action or state.,A conjunction which is used to add more specific information to information about a rather uncommon action or state.,Intermediate,それも
だが,A conjunction that expresses something that is contrasted with what is expressed in the previous sentence.,A conjunction that expresses something that is contrasted with what is expressed in the previous sentence.,Intermediate,だが
だからと言って,A coordinate conjunction indicating that even if one accepts a premise expressed in the preceding sentence(s) one cannot jump to an expected conclusion from the premise.,A coordinate conjunction indicating that even if one accepts a premise expressed in the preceding sentence(s) one cannot jump to an expected conclusion from the premise.,Intermediate,だからと言って
〜だけで,A phrase which expresses the idea that just doing something is enough for something.,A phrase which expresses the idea that just doing something is enough for something.,Intermediate,だけで
ただ（限定）,"An adverb which emphasizes the idea of ""only"".","An adverb which emphasizes the idea of ""only"".",Intermediate,ただ
ただの,Not deserving to be mentioned.,Not deserving to be mentioned.,Intermediate,ただの
たところで,Even if an action or a state were realised.,Even if an action or a state were realised.,Intermediate,たところで
たびに,"A conjunction to express that each time someone/something does something, something else takes place.","A conjunction to express that each time someone/something does something, something else takes place.",Intermediate,たびに
〜だらけ,A suffix that indicates that something/someone is covered or filled with something undesirable.,A suffix that indicates that something/someone is covered or filled with something undesirable.,Intermediate,だらけ
つつ,(1) an auxiliary which expresses an action in progress; (2) a conjunction which is used to present two concurrent actions.,(1) an auxiliary which expresses an action in progress; (2) a conjunction which is used to present two concurrent actions.,Intermediate,つつ
〜っぱなし,"An auxiliary which expresses the idea that someone or something keeps doing something, or someone leaves something in an improper state.","An auxiliary which expresses the idea that someone or something keeps doing something, or someone leaves something in an improper state.",Intermediate,っぱなし
〜っぽい,"A suffix that indicates someone/something has some distinctive characteristic or an attribute identified by a noun, an adjective, or a verb to which the suffix is attached.","A suffix that indicates someone/something has some distinctive characteristic or an attribute identified by a noun, an adjective, or a verb to which the suffix is attached.",Intermediate,っぽい
つまり,An adverb that is used to summarise or rephrase what has been mentioned/stated in the preceding context.,An adverb that is used to summarise or rephrase what has been mentioned/stated in the preceding context.,Intermediate,つまり
〜て（〜してから）,After/since a point in time at which something takes place.,After/since a point in time at which something takes place.,Intermediate,て
〜で（基準量）,"A particle which indicates a basic quantity, for each of which certain amount is associated.","A particle which indicates a basic quantity, for each of which certain amount is associated.",Intermediate,で
である,A copula which is used in formal writing and formal speech.,A copula which is used in formal writing and formal speech.,Intermediate,である
〜であろう,An auxiliary which indicates the writer's conjecture which is not based on any particular information or evidence.,An auxiliary which indicates the writer's conjecture which is not based on any particular information or evidence.,Intermediate,であろう
ては,A conjunction which presents an action/state as a topic about which a negative comment is given.,A conjunction which presents an action/state as a topic about which a negative comment is given.,Intermediate,ては
〜て初めて,A phrase which expresses the idea that someone does something or something happens only after something else happens or something else is done.,A phrase which expresses the idea that someone does something or something happens only after something else happens or something else is done.,Intermediate,て初めて
〜ということは,A phrase which changes a sentence into a topic noun clause.,A phrase which changes a sentence into a topic noun clause.,Intermediate,ということは
というのに,A conjunction to indicate that an action/state takes place quite contrary to one's expectation.,A conjunction to indicate that an action/state takes place quite contrary to one's expectation.,Intermediate,というのに
〜というのは〜ことだ,"A structure which is used in interpreting, explaining, or defining a word, a phrase, or a sentence.","A structure which is used in interpreting, explaining, or defining a word, a phrase, or a sentence.",Intermediate,というのは~ことだ
〜というより（は）,A phrase that is used to indicate more accurate characterisation of someone or something.,A phrase that is used to indicate more accurate characterisation of someone or something.,Intermediate,というより（は）
〜という風に,A phrase which expresses a manner or a way in which someone does something.,A phrase which expresses a manner or a way in which someone does something.,Intermediate,という風に
どうせ,"An adverb that indicates the speaker/writer's feeling that no matter what s/he does or how s/he does it, the situation will not change.","An adverb that indicates the speaker/writer's feeling that no matter what s/he does or how s/he does it, the situation will not change.",Intermediate,どうせ
とうとう,An adverb that is used to express the eventual arrival of an expected situation.,An adverb that is used to express the eventual arrival of an expected situation.,Intermediate,とうとう
どうも,An adverb to indicate that one cannot make a definite statement about something due to lack of hard evidence.,An adverb to indicate that one cannot make a definite statement about something due to lack of hard evidence.,Intermediate,どうも
とかで,A conjunction that is used to give an uncertain reason for something.,A conjunction that is used to give an uncertain reason for something.,Intermediate,とかで
ところ,"A dependent noun which is used to express the idea that when someone did something, something took place as the result.","A dependent noun which is used to express the idea that when someone did something, something took place as the result.",Intermediate,ところ
ところが,A conjunction which is used to present what in fact happened or what is in fact the case when something else was/is expected.,A conjunction which is used to present what in fact happened or what is in fact the case when something else was/is expected.,Intermediate,ところが
どころか,A conjunction indicating that someone/something is very far from an expected state.,A conjunction indicating that someone/something is very far from an expected state.,Intermediate,どころか
〜とする（仮定）,A phrase indicating that someone assumes something.,A phrase indicating that someone assumes something.,Intermediate,とする (1)
〜とする（感覚）,To have a sensory or psychological experience.,To have a sensory or psychological experience.,Intermediate,とする (2)
〜となる,A phrase which expresses the idea that someone or something becomes something.,A phrase which expresses the idea that someone or something becomes something.,Intermediate,となる
〜となると,"A phrase which expresses the idea ""when it comes to"" or ""if it is true that"".","A phrase which expresses the idea ""when it comes to"" or ""if it is true that"".",Intermediate,となると
〜とは限らない,"A phrase which expresses the idea ""not necessarily"".","A phrase which expresses the idea ""not necessarily"".",Intermediate,とは限らない
とも,A conjunction in written Japanese that is used to express a concession.,A conjunction in written Japanese that is used to express a concession.,Intermediate,とも
〜どんなに〜（こと）か,A structure that indicates an exclamation about the degree to which an action or state takes/took place.,A structure that indicates an exclamation about the degree to which an action or state takes/took place.,Intermediate,どんなに~（こと）か
〜と共に,"A phrase which is used to express the idea that A and B share a common property or do the same thing together, that two things take place at the same time, or that someone or something possesses two properties.","A phrase which is used to express the idea that A and B share a common property or do the same thing together, that two things take place at the same time, or that someone or something possesses two properties.",Intermediate,と共に
〜と同時に,"A phrase which is used to express the idea that someone does something or something takes place at the same time as another action or event, or that someone or something is in two states simultaneously.","A phrase which is used to express the idea that someone does something or something takes place at the same time as another action or event, or that someone or something is in two states simultaneously.",Intermediate,と同時に
〜と言うと,A phrase which is used when something which someone has mentioned causes an involuntary response.,A phrase which is used when something which someone has mentioned causes an involuntary response.,Intermediate,と言うと
〜と言っても,A phrase which is used to clarify a statement in the preceding discourse which might be misleading.,A phrase which is used to clarify a statement in the preceding discourse which might be misleading.,Intermediate,と言っても
なあ,An exclamatory sentential particle which is used in informal male speech.,An exclamatory sentential particle which is used in informal male speech.,Intermediate,なあ
ないことも / はない,A double negative phrase used to make a conditional affirmative statement.,A double negative phrase used to make a conditional affirmative statement.,Intermediate,ないことも / はない
なかなか,An adverb used to indicate the speaker's feelings that something is impressive or his annoyance at slowness or difficulty in achieving something.,An adverb used to indicate the speaker's feelings that something is impressive or his annoyance at slowness or difficulty in achieving something.,Intermediate,なかなか
なく,a continuative form of ない used in written Japanese (to indicate a reason/cause for what follows if ない is attached to Adjective (い/な) and contrast if it is attached to a Noun+Copula).,a continuative form of ない used in written Japanese (to indicate a reason/cause for what follows if ない is attached to Adjective (い/な) and contrast if it is attached to a Noun+Copula).,Intermediate,なく
なしでは,If something/someone is missing.,If something/someone is missing.,Intermediate,なしでは
〜などと,A compound particle that indicates an approximate quote of words or ideas.,A compound particle that indicates an approximate quote of words or ideas.,Intermediate,などと
〜ならない,A phrase that is used to express insurmountable psychological or physical feelings.,A phrase that is used to express insurmountable psychological or physical feelings.,Intermediate,ならない
〜なり〜なり,A phrase to indicate two representative choices/examples.,A phrase to indicate two representative choices/examples.,Intermediate,なり~なり
なりに,In a way/style that is proper to someone/something.,In a way/style that is proper to someone/something.,Intermediate,なりに
〜に（終助詞）,A sentence final particle that expresses the speaker's feeling of great regret or sympathy.,A sentence final particle that expresses the speaker's feeling of great regret or sympathy.,Intermediate,に
〜において/おける,"A compound particle which indicates the place of an action/event, a state or time.","A compound particle which indicates the place of an action/event, a state or time.",Intermediate,において/おける
について,Concerning something/someone.,Concerning something/someone.,Intermediate,について
〜につき,A compound particle which expresses a rate or ratio.,A compound particle which expresses a rate or ratio.,Intermediate,につき
〜につれて/つれ,A phrase used to indicate that a change occurs in accordance with another simultaneous change.,A phrase used to indicate that a change occurs in accordance with another simultaneous change.,Intermediate,につれて/つれ
にとって,From the standpoint of; so far as someone (or something) is concerned.,From the standpoint of; so far as someone (or something) is concerned.,Intermediate,にとって
〜になると,A phrase that expresses the time when an uncontrollable state or a habitual action occurs.,A phrase that expresses the time when an uncontrollable state or a habitual action occurs.,Intermediate,になると
には,A conjunction/compound particle to indicate a purpose for doing something.,A conjunction/compound particle to indicate a purpose for doing something.,Intermediate,には
〜にほかならない,A phrase that is used to indicate that an action/state mentioned in the topic phrase or clause is nothing but something.,A phrase that is used to indicate that an action/state mentioned in the topic phrase or clause is nothing but something.,Intermediate,にほかならない
にもかかわらず,Without any relation to a preceding event/situation.,Without any relation to a preceding event/situation.,Intermediate,にもかかわらず
〜によって/より,"A particle that indicates means, cause, agent of passive sentence, or dependency on a situation.","A particle that indicates means, cause, agent of passive sentence, or dependency on a situation.",Intermediate,によって/より
〜に代わって,A compound particle to express replacement or substitution of a regular person/thing by someone/something.,A compound particle to express replacement or substitution of a regular person/thing by someone/something.,Intermediate,に代わって
に反して/反する,Contrary to or in contrast to.,Contrary to or in contrast to.,Intermediate,に反して/反する
に基づいて/基づく,With something as a basis.,With something as a basis.,Intermediate,に基づいて/基づく
に対して/対する,"Regarding something/someone one opposes, compares, or shows interest in regarding something/someone one opposes, compares or shows interest in.","Regarding something/someone one opposes, compares, or shows interest in regarding something/someone one opposes, compares or shows interest in.",Intermediate,に対して/対する
〜に当たって/当たり,A compound particle that indicates occasion of doing something or of having done something in formal Japanese.,A compound particle that indicates occasion of doing something or of having done something in formal Japanese.,Intermediate,に当たって/当たり
に従って/従い,Something spontaneously and gradually occurs in accordance with some change.,Something spontaneously and gradually occurs in accordance with some change.,Intermediate,に従って/従い
に比べると/比べて,If we compare (it) with/to; comparing (it) with.,If we compare (it) with/to; comparing (it) with.,Intermediate,に比べると/比べて
に過ぎない,"Something or someone is nothing more than what is stated in terms of amount, degree, status, significance, etc.","Something or someone is nothing more than what is stated in terms of amount, degree, status, significance, etc.",Intermediate,に過ぎない
に関して/関する,Related to.,Related to.,Intermediate,に関して/関する
〜に限って,A compound particle to show that only X is different from others.,A compound particle to show that only X is different from others.,Intermediate,に限って
に限らず,Not limiting something to ~.,Not limiting something to ~.,Intermediate,に限らず
ぬ,An archaic auxiliary that indicates negation.,An archaic auxiliary that indicates negation.,Intermediate,ぬ
〜ねばならない,"A phrase that indicates duty, obligation or necessity.","A phrase that indicates duty, obligation or necessity.",Intermediate,ねばならない
のこと,Things of/about.,Things of/about.,Intermediate,のこと
のことだから,Because it is a matter of X with which/whom something is habitually the case.,Because it is a matter of X with which/whom something is habitually the case.,Intermediate,のことだから
〜のは〜のことだ,A structure which focuses on a time when something takes place.,A structure which focuses on a time when something takes place.,Intermediate,のは~のことだ
〜のみ,"A particle which expresses a limit imposed upon an action, event, or a state.","A particle which expresses a limit imposed upon an action, event, or a state.",Intermediate,のみ
の上では,As far as ~ is concerned.,As far as ~ is concerned.,Intermediate,の上では
の下で,Under some object; under the control or influence of someone or something.,Under some object; under the control or influence of someone or something.,Intermediate,の下で
〜の関係で,A phrase indicating that something takes place or does not take place because of something.,A phrase indicating that something takes place or does not take place because of something.,Intermediate,の関係で
〜は（強調）,A particle which emphatically affirms or negates the proposition represented by the preceding verbal and other related elements.,A particle which emphatically affirms or negates the proposition represented by the preceding verbal and other related elements.,Intermediate,は
は言うまでもなく,An adverbial phrase that conveys the meaning of 'not to speak of something/someone'.,An adverbial phrase that conveys the meaning of 'not to speak of something/someone'.,Intermediate,は言うまでもなく
〜べきだ,An auxiliary which expresses the speaker's judgment that someone/something should do something or should be in some state.,An auxiliary which expresses the speaker's judgment that someone/something should do something or should be in some state.,Intermediate,べきだ
〜まい,An auxiliary which expresses the speaker's negative volition or conjecture.,An auxiliary which expresses the speaker's negative volition or conjecture.,Intermediate,まい
まさか,An adverb that indicates the speaker's strong belief that something is not expected to (have) become a reality.,An adverb that indicates the speaker's strong belief that something is not expected to (have) become a reality.,Intermediate,まさか
〜ましだ,A phrase indicating that although someone/something (or some situation) is not satisfactory it is better than someone/something else.,A phrase indicating that although someone/something (or some situation) is not satisfactory it is better than someone/something else.,Intermediate,ましだ
または,A conjunction which connects two choices or possibilities expressed by noun phrases or sentences.,A conjunction which connects two choices or possibilities expressed by noun phrases or sentences.,Intermediate,または
までもない,There is no point in going as far as to do something.,There is no point in going as far as to do something.,Intermediate,までもない
みせる,The speaker's strong determination to achieve something for others to see.,The speaker's strong determination to achieve something for others to see.,Intermediate,みせる
やっと,An adverb to indicate that something desirable has been finally achieved or will be eventually achieved though with great difficulty.,An adverb to indicate that something desirable has been finally achieved or will be eventually achieved though with great difficulty.,Intermediate,やっと
やる（移動・使役）,To cause something/someone to move to a place or to do/eat/drink something.,To cause something/someone to move to a place or to do/eat/drink something.,Intermediate,やる (1)
〜てやる（強行・迷惑）,An auxiliary verb which expresses the idea that someone does something undesirable to someone else when he/she knows his/her action will cause hardship or trouble.,An auxiliary verb which expresses the idea that someone does something undesirable to someone else when he/she knows his/her action will cause hardship or trouble.,Intermediate,やる (2)
〜よう（方法）,A noun forming suffix which means a way (of doing something).,A noun forming suffix which means a way (of doing something).,Intermediate,よう (1)
〜よう（推量）,An auxiliary verb that expresses the writer's conjecture about some potentiality or his certainty about a given state of affairs.,An auxiliary verb that expresses the writer's conjecture about some potentiality or his certainty about a given state of affairs.,Intermediate,よう (2)
〜ろくに〜ない,A structure that is used to indicate that something animate does not or cannot do something satisfactorily/sufficiently/properly.,A structure that is used to indicate that something animate does not or cannot do something satisfactorily/sufficiently/properly.,Intermediate,ろくに~ない
〜わけがない,"A phrase which negates the existence of a reason to believe that someone does something or is in some state, or that something takes place; or which negates a possibility of someone's doing something or being in some state, or something's taking place.","A phrase which negates the existence of a reason to believe that someone does something or is in some state, or that something takes place; or which negates a possibility of someone's doing something or being in some state, or something's taking place.",Intermediate,わけがない
〜わけにはいかない,A phrase which is used to indicate that one cannot do something due to an external circumstance.,A phrase which is used to indicate that one cannot do something due to an external circumstance.,Intermediate,わけにはいかない
〜をはじめ（として）,A phrase that is used to give a primary example.,A phrase that is used to give a primary example.,Intermediate,をはじめ（として）
〜を通して,A compound particle that is used to indicate a medium through which something is done or time through which something takes place.,A compound particle that is used to indicate a medium through which something is done or time through which something takes place.,Intermediate,を通して
〜一方で（は） 〜 他方で（は）,"A structure used to describe two concurring, contrastive actions/states of someone or something.","A structure used to describe two concurring, contrastive actions/states of someone or something.",Intermediate,一方で（は） ~ 他方で（は）
〜上,"A suffix which indicates the idea of ""from the viewpoint of,"" ""for the sake of,"" ""for the reason,"" or ""in terms of"".","A suffix which indicates the idea of ""from the viewpoint of,"" ""for the sake of,"" ""for the reason,"" or ""in terms of"".",Intermediate,上
上（に）,"A conjunction which introduces an additional, emphatic statement.","A conjunction which introduces an additional, emphatic statement.",Intermediate,上（に）
以上（は）,A conjunction indicating the speaker/writer's feeling that there should be a very strong logical/natural connection between wht precedes the conjunction and what follows it.,A conjunction indicating the speaker/writer's feeling that there should be a very strong logical/natural connection between wht precedes the conjunction and what follows it.,Intermediate,以上（は）
以外,"A dependent noun which means ""something/someone other than"".","A dependent noun which means ""something/someone other than"".",Intermediate,以外
何しろ,An adverb that indicates the speaker's emotive feeling about some extreme state of affairs.,An adverb that indicates the speaker's emotive feeling about some extreme state of affairs.,Intermediate,何しろ
〜何でも,A phrase that indicates the speaker's uncertainty about something.,A phrase that indicates the speaker's uncertainty about something.,Intermediate,何でも
〜例の,A phrase which signals that the referent of the following noun phrase is definite and that the speaker expects the hearer to understand what the referent is.,A phrase which signals that the referent of the following noun phrase is definite and that the speaker expects the hearer to understand what the referent is.,Intermediate,例の
〜分,A suffix which indicates the amount of something.,A suffix which indicates the amount of something.,Intermediate,分
〜得る （うる・える）,An auxiliary verb that expresses possibility.,An auxiliary verb that expresses possibility.,Intermediate,得る　（うる・える）
必ずしも,An adverb that indicates that the proposition expressed in the sentence is not always true.,An adverb that indicates that the proposition expressed in the sentence is not always true.,Intermediate,必ずしも
思われる,A verb that indicates what the speaker/writer feels spontaneously or his/her hesitation about asserting himself/herself.,A verb that indicates what the speaker/writer feels spontaneously or his/her hesitation about asserting himself/herself.,Intermediate,思われる
〜方をする,A phrase to indicate a manner of doing something.,A phrase to indicate a manner of doing something.,Intermediate,方をする
来,During a certain amount of time (something has continued up until the moment of speech or something has never been like the current state).,During a certain amount of time (something has continued up until the moment of speech or something has never been like the current state).,Intermediate,来
次第,A conjunction/noun to express that an action indicated by a preceding verb or an action implied by a preceding noun is a prerequisite for another action.,A conjunction/noun to express that an action indicated by a preceding verb or an action implied by a preceding noun is a prerequisite for another action.,Intermediate,次第
点（で）,"A noun which expresses the idea of ""a point of argument; a point of evaluation; a point of view"".","A noun which expresses the idea of ""a point of argument; a point of evaluation; a point of view"".",Intermediate,点（で）
〜目,A suffix which represents an ordinal number.,A suffix which represents an ordinal number.,Intermediate,目
〜確かに〜が,"A structure which expresses the idea ""indeed ~ but"".","A structure which expresses the idea ""indeed ~ but"".",Intermediate,確かに~が
結果,"A noun which expresses the idea ""as a result of"".","A noun which expresses the idea ""as a result of"".",Intermediate,結果
結構,An adverb that indicates that something exceeds the speaker's and/or hearer's expectation to a considerable degree.,An adverb that indicates that something exceeds the speaker's and/or hearer's expectation to a considerable degree.,Intermediate,結構
逆に,"An adverb to introduce an event which takes place contrary to one's expectation/intention, or an action or event which is converse to that stated in the preceding sentence or clause.","An adverb to introduce an event which takes place contrary to one's expectation/intention, or an action or event which is converse to that stated in the preceding sentence or clause.",Intermediate,逆に
途端（に）,A noun/adverb which expresses the idea that 'something occurred the moment someone did something or something took place'.,A noun/adverb which expresses the idea that 'something occurred the moment someone did something or something took place'.,Intermediate,途端（に）
通り（に）,A dependent noun which expresses the idea that someone does something or something takes place in the same way as something else.,A dependent noun which expresses the idea that someone does something or something takes place in the same way as something else.,Intermediate,通り（に）
〜限り（条件・範囲）,"A conjunction which expresses the idea ""as long as (a certain condition is met)"" or ""as long as (= to the extent)"".","A conjunction which expresses the idea ""as long as (a certain condition is met)"" or ""as long as (= to the extent)"".",Intermediate,限り
〜限り（期限・限度）,"A suffix which expresses the idea of ""(last) only until"" or ""limited"".","A suffix which expresses the idea of ""(last) only until"" or ""limited"".",Intermediate,限り (2)
際（に）,On the special occasion of/when.,On the special occasion of/when.,Intermediate,際（に）
〜面,"A suffix which forms a compound that means a side of X, or an aspect of X.","A suffix which forms a compound that means a side of X, or an aspect of X.",Intermediate,面
風に,With an appearance/style/tone/manner of ~.,With an appearance/style/tone/manner of ~.,Intermediate,風に
〜だけ,A particle which expresses a limit imposed upon something that is growing and expanding.,A particle which expresses a limit imposed upon something that is growing and expanding.,Basic,だけ
〜くらい,Approximate quantity or extent.,Approximate quantity or extent.,Basic,くらい
〜ことになる,"An event takes place as if spontaneously, irrespective of the speaker's volition.","An event takes place as if spontaneously, irrespective of the speaker's volition.",Basic,ことになる
〜ほど,A particle which indicates an extent or a degree to which someone/something does something or is in some state.,A particle which indicates an extent or a degree to which someone/something does something or is in some state.,Basic,ほど
〜わけだ（論理的帰結）,"The speaker's conclusion obtained through deductive, logical judgment or calculation on the basis of what he has heard or read.","The speaker's conclusion obtained through deductive, logical judgment or calculation on the basis of what he has heard or read.",Basic,わけだ
〜間,The space between two temporal or physical points.,The space between two temporal or physical points.,Basic,間・あいだ(に)
〜ば〜ほど,A structure indicating that something happens in proportion to the increase of extent/degree of action or state.,A structure indicating that something happens in proportion to the increase of extent/degree of action or state.,Intermediate,~ば~ほど
〜わけだ（事実の提示・強調）,"A phrase which presents a fact or truth known to the hearer as an introduction to a following statement, or which gives emphasis to a fact or truth which the hearer might not know.","A phrase which presents a fact or truth known to the hearer as an introduction to a following statement, or which gives emphasis to a fact or truth which the hearer might not know.",Intermediate,わけだ
〜間に,The space between two temporal or physical points.,The space between two temporal or physical points.,Basic,間・あいだ(に)
