volume,headword,dojg_entry_id,decision,canonical,relationship,summary
Basic,かもしれない,e5ee6401e46cead8c7e7453f726270b929419d0feaac986288ba57566f9d0b71,link_existing,〜かもしれない,primary,Can't tell if ~
Basic,がる,8694cb88db13394cf27a79fd793fa92c15c05108aebffb5867c1c3190e4cae04,link_existing,〜がる,primary,An auxiliary verb attached to a psychological/physiological adjective meaning a person other than the speaker shows signs of ~
Basic,ことにする,ab4dc23557901ecfad9a163f89478906f209fc80f460b3d57080bad5922aa44c,link_existing,〜ことにする,primary,A volitional decision to do something is made.
Basic,ごろ,816f0fc528c9c3768eed5efbb24eac67e2799c184b072020a032810361bd1603,link_existing,〜ごろ,primary,Approximately (with a specific point of time).
Basic,し,caf53720566e616f002a0fdf82dbee73dc92105a549fc4d163a9d2112af65bfd,link_existing,〜し,primary,A conjunction to indicate ‘and’ in an emphatic way.
Basic,たい,68f68ffc891b59f4c596da0ddde263e6e38aba0d3c41d2a27b91c726621b616a,link_existing,〜たい,primary,An auxiliary adjective which expresses a desire to do something.
Basic,たら,582b4162bc56e6076ee2388eec55d90a737483ed4d28c323c0683aea91ac4e27,link_existing,〜たら,primary,A subordinate conjunction which indicates that the action/state expressed by the main clause in a sentence takes place after the action/state expressed by the subordinate clause.
Basic,たらどうですか,d1c0314021a6286ad45c33d62309e0cc14e9ca850a4f7bc854c39c9e1ec7c523,link_existing,〜たらどうですか,primary,A phrase which expresses a suggestion (literally: How would you feel if you do something?)
Basic,だろう,b877c0833faab51d270499bca1f859406ae840f1307f2b19cff4d1c55c384f2e,link_existing,〜だろう,primary,An auxiliary indicating the speaker’s conjecture which is not based on any particular information or evidence.
Basic,つもり,303edabcf154796478f843fd8477523c18c03afa94d776408b7b69be96bffb09,link_existing,〜つもり,primary,An intention or conviction of a speaker (or a person with whom the speaker can empathise) about his future or past actions or current state.
Basic,ても,94125fd0746fd029dfdee324db7142c44b56cd93d1858078ebd8e5fca3a29509,link_existing,〜ても,primary,[x] is used when that which is expressed in the main clause is not what is expected from the content of the dependent ([x]) clause.
Basic,てもいい,766ed9ae7af609bd97da443e7e1da0c234832042b45fffb34f0553d74f879498,link_existing,〜てもいい,primary,A phrase which expresses persmission or concession.
Basic,ないで,40da54baabae26f65557d6c83dc2d0c8881781e173711dc45688291dec8669cc,link_existing,〜ないで,primary,A negative て form of a verb.
Basic,ながら,cba5c29c7a294c9406b1135ead7b2e3aa74db73369ed237a9098e155772fd215,link_existing,〜ながら,primary,A conjunction which indicates that the action expressed by the preceding verb takes place concurrently or simultaneously with the action expressed in the main clause.
Basic,なくて,188bbb7003a7b55936b3b73aaf681f648673db2cac927ff035c452b3e754c013,link_existing,〜なくて,primary,"A て form of the negative ない, which indicates a cause/reason for a state or action."
Basic,なくなる,5e320824d5cea517debbd11987c1af4769ff7338153115cc79897e475a298979,link_existing,〜なくなる,primary,It has reached the point where some state or action does not take place anymore.
Basic,なさい,6f12b36433e9d4564fb93813601707ecf983d9e9a54a270a500d616d82b9f4de,link_existing,〜なさい,primary,A polite imperative used by superiors such as parents or teachers to their inferiors (=people of younger age and lower rank)
Basic,なら,5ce582df7da7b190c50662e4d006a734c05e92ec06e42e732ad010322ef60cde,link_existing,〜なら,primary,A conjunction which indicates that the preceding sentence is the speaker’s supposition about the truth of a present or past fact or the actualisation of something in the future.
Basic,にする,36bf068e5322d886202196f7035f48d6a3819b86d4094fdcfdfa93ece04eae4b,link_existing,〜にする,primary,Someone has decided on something.
Basic,ので,a6596fb24b5eafe91f5356f70a7b7bf928ede9f0fc751d66cec050ec3b42028b,link_existing,〜ので,primary,A subordinate conjunction which expresses a reason or a cause.
Basic,ば,e095c5ffe8379ffae1303ea6a1e5294af054bbe7709d53499cea52e21489167f,link_existing,〜ば,primary,A conjunction which indicates that the preceding clause expresses a conditional.
Basic,はず,857e5f23b465bd49e712145545e0c7333fcc7f7ef46d92d3ad5af1a789989bcb,link_existing,〜はず,primary,A dependant noun which expresses the speaker’s expectation that something will take place or took place or that someone/something is or was in some state.
Basic,ばよかった,b5bac89bdb57a66d716260dd778a3c1fd057ab24a080b2d61989b268551e0a53,link_existing,〜ばよかった,primary,A phrase which expresses the speaker’s regret.
Basic,まで,6d790ec055c52847ab6de4634eca1ba8f3c330652737ea777b5028e3fa26f538,link_existing,〜まで,primary,"A particle to indicate a spatial, temporal or quantitative limit or an unexpected animate/inanimate object."
Basic,までに,edfe86e8a09100c15bc571ae3a6840e3f045e03a789b7c55f199b39eb25c215e,link_existing,〜までに,primary,A particle that indicates a time limit on/for an action.
Basic,ようだ,dae4b7ed60100765e4f68772cdd695b24fda3a1187d75417fac015965df0cad5,link_existing,〜ようだ,primary,An auxiliary な type adjective which expresses the likelihood of something/someone or the likeness of something/someone to something/someone.
Basic,ようと思う,5ea76fb507e61359dc46bdf1dd9c9e7d43b12c80681da9a9b97c6c5ffd550a67,link_existing,〜ようと思う,primary,The speaker desires or decides to do something.
Basic,ようにする,855def453b5199081272693e4ac1aa9bde6d00324092a86f494b54e2d3218d4f,link_existing,〜ようにする,primary,Someone causes some circumstantial or behavioural change to take place.
Basic,ようになる,84f5e1ffcf463b3985ad0c2425107edd03797e32f723d4da9f1da8358071fbe4,link_existing,〜ようになる,primary,Some change takes place gradually.
Basic,らしい,50ba4ae9599de6842d0f94b634d3c9b90e4d4589686451d2b2b1881ee1ee976d,link_existing,〜らしい,primary,"An auxiliary adjective which indicates that the preceding sentence is the speaker’s conjecture based on what he has heard, read or seen."
Intermediate,わけではない,a4f7395ab189693ccbf9e317e908971a383cac044a24612ec1f14ad7790a8cd9,link_existing,〜わけではない,primary,A phrase which is used to deny what is implied in the previous or following statement.
Advanced,～が～なら,746c561e47ee4ed67e03e41be654f161b425ccc2bfb1b086b44f7deabc97fb16,create_new_canonical,〜が〜なら,primary,A structure presenting a counterfactual situation which indicates that things would be better if something were really good or appropriate.
Advanced,～ても～ても,f6fd53aa1ffe2d1b886829c2d2f0a23938ab37e8ffc254721e4b1b03d73ff44f,create_new_canonical,〜ても〜ても,primary,A structure meaning “even if someone does something repeatedly”.
Advanced,～といい～といい,883de9ec77b8afa38eee9b7769e9a21a18b705c8d92e185d0e7a131ba7bd3c4a,create_new_canonical,〜といい〜といい,primary,A structure that introduces multiple perspectives when describing a person or a thing.
Advanced,～も[V]ば～も[V],23ddaf9dac4bea749268e08f8efbfb9498b5736907f962581b89ee6f924cd863,create_new_canonical,〜もVば〜もV,primary,"A structure used to present typical examples of actions, events, situations, people, or things among a number of possibilities."
Basic,あげる (1),a6b2e0b7925b2e2e35f1525b4266fa424586e72d28bc53a41c76e85817fd6f51,link_existing,あげる,primary,Someone gives something to a person who is not a member of the giver’s in group but whose status is about equal to that of the giver.
Basic,あげる (2),b8313c0b228bb07fcee9399a37e4cd62d7c70b66bba897afeb19d0c5e5c1151d,link_existing,〜てあげる,primary,Someone gives some action as a favour to a person who is not a member of the giver’s in group but whose status is about equal of the giver.
Basic,お～になる,4ca91ef91c7fa978c7ac8d26981e2d608b0e0c3e73a06bd174a693724ddcc6aa,create_new_canonical,お〜になる,primary,A phrase which expresses the speaker’s respect for someone when describing that person’s action or state
Basic,ことが出来る・できる,2eea00069b8619bf6e80ec1201ab87132831f21360f70512191491cc6af62387,link_existing,〜ことができる,primary,Doing something is possible
Basic,のに (1),20fed37c7a0a5c4e6572110633502c37e72d1af18014b81e75070a6aea68e1b8,link_existing,〜のに,primary,"Contrary to everybody’s expectation based on the sentence preceding [x], the proposition in the sentence following [x] is the case."
Basic,のに (2),88fc3713ed36be1b1ce5e47d7c191925ffa2a19c0a15b2c7f4144d6dad888754,create_new_canonical,〜のに（目的）,primary,In the process or for the purpose of doing something expressed in the の nominalised clause.
Basic,もらう (1),706bee05703782198e1df841aec14d1b21ae2bf93f26b5be3861de72fb79dfd0,link_existing,もらう,primary,The first person or someone the speaker empathises with receives something from someone whose status is not as high as the receiver’s.
Basic,もらう (2),25934aa45c804a856b7be8d5e99e204e845c7096829a6d8b51c37e8cfa0006db,link_existing,〜てもらう,primary,The first person or someone the speaker empathizes with receives some benefit from an action by someone whose status is not as high as the receiver’s.
Basic,出す・だす,74ca538f7321ac0f4f70605136abe6ea0f57009a8658c746fb979f96e59f3bc4,link_existing,〜出す,primary,Something that has been latent is realised.
Basic,前に・まえに,51287b6c66e5d68285af4d2a2e3efac77cdfb83af36801c82858ad4e8dc293b9,link_existing,〜前に,primary,In front of or before some situation comes about.
Basic,呉れる・くれる (1),8d78cb69d97c254f470de3d06a167e475d38c21dd4f4e2945e2b93e5a3c8ac81,link_existing,くれる,primary,Someone whose status is not higher than the speaker’s gives something to the first person or to someone with whom the speaker empathises.
Basic,呉れる・くれる (2),9e1cfe19b2ca1405059df281a9cd0d1a116c3ffba0b2e7ec2b8b483f031d2cf4,link_existing,〜てくれる,primary,Someone does something as a favour to the first person or to someone with whom the speaker empathises.
Basic,始める・はじめる,12b2a4880310c98ea532133632a2114e6b1de7cdde225d1796f9d7f50660cd2f,link_existing,〜始める,primary,Someone/something begins to do something or begins to be in some state.
Basic,方・かた,a05b97dd3b2ab2779507081d3cbf3fd355564e1bf1d92cd8ece50701aacb3425,link_existing,〜方,primary,A noun forming suffix that indicates a way or a manner in which one does something.
Basic,易い・やすい,fc04cfe1d7dd824da676e130256d186fba00b1dbb484d47d3c5321789d0b25b9,link_existing,〜やすい,primary,Something or someone is easy to ~.
Basic,時・とき,47d014c03e74fcf15555977fa67295d1bfb0f5a85de302f05b4b2ae9fce1bf3d,link_existing,〜時,primary,A dependent noun which indicates the time when someone/something will do/does/did something or the time when someone/something will be/is/was in some state.
Basic,来る・くる (1),c703c569b3c386526962e0fc9c35ed2fc925bb32a1d0ee60103aef758a5557ee,link_existing,来る,primary,Someone or something moves in a direction towards the speaker or the speaker’s viewpoint or area of empathy.
Basic,来る・くる (2),505932929128609abe775a108269f2a96931e170f0fde59c3f943b8b0cb7b942,link_existing,〜てくる,primary,An auxiliary verb which indicates the beginning of some process or continuation of some action up to a current point of time.
Basic,欲しい・ほしい (1),8a2e18656513c097bda69327b1aa7d7f3f438dde72c06f9d38d4e0e484a2b637,link_existing,欲しい,primary,Something is desired by the speaker.
Basic,欲しい・ほしい (2),0f0a931a8cee33236862c71339188b1ef2fde097044660ebe061d29e967f8465,link_existing,〜て欲しい,primary,Want someone (who is not higher in status than the speaker) to do something.
Basic,為（に）・ため（に）,a1b56add2ae2eb8575494025daf156c46d62991246b7e7e7e0ee6ce5335b9aa2,link_existing,〜ために,primary,"A noun that indicates a benefit, a purpose, a reason or a cause."
Basic,終わる・おわる,89522812441efda766ede078e7fe4931a6fdb96ae0d0b7adef4fc67074c1bcc8,link_existing,〜終わる,primary,Finish doing ~
Basic,行く・いく (1),b3567164a5d5534468613edeca18b67b9c7ddb1ccd1fb3390514a9060ce311eb,link_existing,行く,primary,Someone or something moves in a direction away from the speaker or the speaker’s viewpoint.
Basic,行く・いく (2),802740647ef40f472b2b172d2d2273470e2d068437e5e9d63d71cf9e4b653928,link_existing,〜ていく,primary,Some action or state keeps changing from the point in time at which the speaker first describes the action.
Basic,過ぎる・すぎる,ab6d33beb06a3f967c916d643c7a5be5f91031967731fa50c2a64cf4052cf0f1,link_existing,〜すぎる,primary,Someone/something does something excessively or is in a state excessively.
Basic,難い・にくい,4b92805c60f8ee16776d7498dd3dd776ab116549de111df410e89debec2ee92a,link_existing,〜にくい,primary,Something or someone is hard to ~.
Intermediate,ながら（も）,de36916c9231558cd3c83b19bcd356958732c73eda8cb3b411446e765c5e15a5,create_new_canonical,〜ながら（も）（逆接）,primary,A disjunctive conjunction used normally in written Japanese with the meaning of 'although'.
Intermediate,も~ば,da9346be591bb72efacaac8ac284ad98ed93c4533d8483b581ab59cad6d5e199,create_new_canonical,〜も〜ば,primary,A structure which expresses the idea that a certain amount of something is sufficient to do something.
Advanced,（っ）きり,6bdbd37ac80408b54e39e1c2178793cbc44d981d21a4a7024bd46b984b6249d0,create_new_canonical_candidate,,primary,"A conjunction indicating that since something occurred, nothing has happened and the resultant situation remains unchanged; a particle indicating a strict limitation in terms of number/quantity."
Advanced,（っ）たって (1),7a2a6651b678a475c2b7b38f428dc7cf45ba3668525785eb30561ca4921fb3c9,create_new_canonical_candidate,,primary,The informal form of ても.
Advanced,（っ）たって (2),9bbddc9e26eeb7bbdb2b514c1a209165a5731adbb3ea51ca3509a0b7e92351a5,create_new_canonical_candidate,,primary,The contracted form of と言っても or としても.
Advanced,（と言）ったらない,879d8e19c370afaa745127d654172aaf4a4e385950ba39ec9ae8a771786f43a3,create_new_canonical_candidate,,primary,A phrase used to express a strong sensation or emotion.
Advanced,～であれ～であれ,396eaecca83aada5f112e1ae82a96374801d47c645054a65ab77118beca62f99,create_new_canonical_candidate,,primary,A structure that means “no matter which one is the case”
Advanced,～でも[Wh. word]でも,b92522cd04df95b8692fb4511456c3da086a06646410d569cb411294f98d926b,create_new_canonical_candidate,,primary,"A structure indicating that what is expressed in the main/subordinate clause is applicable to anyone, anything, any place or any time."
Advanced,～に～ない,89574b47dcfb0b66a6efae8a756c174aa65590936a38df0b030056c54d3ab4fe,create_new_canonical_candidate,,primary,A sentence structure meaning “someone cannot manage to do something”
Advanced,～の～のと,2591ca951c040143774841599e0bfb56c17db13432e952f6f7a1555621ff0ea9,create_new_canonical_candidate,,primary,A structure that states what is said by someone in order to express the speaker’s disagreement or dissatisfaction.
Advanced,～やら～やら,bd92dddbdeec88f5ad5b023e858c50455e36de4ebb6c146d62f4836d5da3cb03,create_new_canonical_candidate,,primary,"A structure to present things, events, actions, etc., as examples, reasons or possibilities."
Advanced,～わ～わ,e4572decc747c3f4f9b1814c97935ce9345dd00b4b297cfd04a7c37c3de5c3e4,create_new_canonical_candidate,,primary,"A structure that emphatically presents actions, events or states as examples or reasons, or indicates that someone does something or something happens to a great extent."
Advanced,~言わず~と言わず,308bfd5f3aaaeb477a5014647bdb8bf9b183165236a1bf0f022dd11a742ebe58,create_new_canonical_candidate,,primary,"A structure indicating that something is the case not only for A and B but also for many other places, things, etc., of X, to which A and B belong"
Advanced,あえて,ed4ad3d3d6a4d1bbaaf7ffcd475fb5ce3ebad5166e9755e82cba8749fb2ff0d7,create_new_canonical_candidate,,primary,"An adverb that expresses the speaker's/writer's desire or will to dare to do something in spite of difficulty, danger or opposition."
Advanced,あくまでも,91618ac6e2c3fce46c2140bdbf4e75d85dd7284323f682d6bc18799dff8af6f5,create_new_canonical_candidate,,primary,"An adverb that represents the idea of ""to the utmost degree""."
Advanced,あげく（に）,40ab142c9597c8755cd289b5ad77cd0557df93deeff6e9e4ed5b93cfa6cf33c6,create_new_canonical_candidate,,primary,An adverb/conjunction indicating that one spends an extended period of time before reaching a result.
Advanced,あたかも,798c2d871cd9e404eb8633b09577f669c05633d3fffe547ada92bef26b12f259,create_new_canonical_candidate,,primary,An adverb used to present a counter-factual statement emphatically
Advanced,あながち～ない,d50a7ef2111ea25195b5a7ce6d57dd022f2fa4dfca4418d78570930d34804398,create_new_canonical_candidate,,primary,A structure that indicates that something is not necessarily the way the speaker/writer thought.
Advanced,あるいは,c00cfedaaad9bb3e1dbb5e93ffae2c4dc23e494b773b1d99feef9deb305885e7,create_new_canonical_candidate,,primary,A conjunction that marks alternatives
Advanced,いかなる,8c6e1eb7f37fd188a55df7746cb373f7e0e5148cd1897f42876c9bfd1588568b,create_new_canonical_candidate,,primary,A noun modifier that means either “what kind of” or “no matter what”.
Advanced,いかに,c17ce0bb043fbbae9800332fcc7dd7b3ac24bac1ed773b4e5f3c019ebd65c121,create_new_canonical_candidate,,primary,An adverb meaning “how”.
Advanced,いくら,e20c50e3014a9a0e9ead44abaa25d40bf0d87d2a80c76e263674747e3e6929e4,create_new_canonical_candidate,,primary,A Wh-word that asks about the amount of something.
Advanced,いわゆる,3d880ffd30a4e6865a5bd72970f9d395ee65969a24c630c92e3dde89c273a799,create_new_canonical_candidate,,primary,A noun modifier that means “known generally by this term”.
Advanced,およそ,1de1f95aeee84f1c33f2cd891ed1ea398d2641a159a2bbf58d048286ba9f88e6,create_new_canonical_candidate,,primary,An adverb representing the ideas “all; totally; mostly; approximately”.
Advanced,かと思うと,83e8a1e9a9578a0197c5b0d68cb4238c8d1e3ff8103896950cca89e9b6a44ea3,create_new_canonical_candidate,,primary,"A phrase indicating that an action or state in the dependent clause occurs very closely with another action or state in the clause, or causes another action or state in the main clause."
Advanced,かな,f6b792557e764b8f1af759b863208c52472647116c7aeda952eaec51f21418c6,create_new_canonical_candidate,,primary,An interjection that expresses deep felt emotion.
Advanced,かのように,da84d64a08707bf2215322cdbd68508787cdd8e7fad614d69d4e5e2652235149,create_new_canonical_candidate,,primary,"A conjunctive phrase that forms an adverbial clause which describes the way someone/something appears to the writer, contrary to reality."
Advanced,からして,6061f37f243d6d2be4596dd551b5ea24db7598c75075499fef5dd56376a5c7ed,create_new_canonical_candidate,,primary,A phrase that singles out something for emphasis or presents something as a basis for judgment.
Advanced,からなる,95c1dafe391463b3f90b1bac8dfb16611ef81c40038004efa35ef35bf5f30df1,create_new_canonical_candidate,,primary,A phrase indicating that something consists of more than one member/constituent.
Advanced,からには,de1812d37189b92df71deafb30bffc0216fc5fae102c069f017ae47233afb57f,create_new_canonical_candidate,,primary,"A subordinate conjunction meaning “now that,” “once someone does / has done something” or “so long as”."
Advanced,から言って,d8c8c535cff5177c998eb8e6fa6368133201aca81fbbdbe3a166460d378a9e65,create_new_canonical_candidate,,primary,A phrase that means either “in terms of” or “judging from”.
Advanced,か否か,2c0620376281f4f9e0373934784e5d9d64bb6b6b31486682f4ae64cfbdbc5285,create_new_canonical_candidate,,primary,A conjunctive phrase indicating that the speaker/writer is wondering whether something is the case or not.
Advanced,が早いか,b3507b9e556bf7be3454047464d9ac70c2934efef9cb77f0f194e23f306c6f0b,create_new_canonical_candidate,,primary,"A conjunction indicating that as soon as something happens, something else happens."
Advanced,きらいがある,22d79af8257971c57a414a2ab751614398485135cffd6096e6f968af0e6ea5fe,create_new_canonical_candidate,,primary,A phrase indicating that someone or something has an undesirable tendency.
Advanced,ことか,eecb3562e84838fdc2f64d3344d8df6a088df36055ebc241f9eeed4cce928c37,create_new_canonical_candidate,,primary,"A sentence final, exclamatory phrase used in written language."
Advanced,ことから,4a3e64ec5fb127c73347e4b5f9b4199bcbac492128f199d73419d527c215fdb3,create_new_canonical_candidate,,primary,A phrase that expresses a reason or a cause.
Advanced,ごとし,d1c616cbdaa4787d3aa1eea1cee1c24eb0564c95af3d13884c83893f2027b8b1,create_new_canonical_candidate,,primary,An auxiliary adjective that indicates a resemblance of something/someone to something/someone or indicates how something/someone appears to speaker/writer.
Advanced,ことに,b73c6cb1422974a6752dd4a29fd805520667ca112df4e65a9306c5d3b8489822,create_new_canonical_candidate,,primary,A phrase that expresses the speaker’s/ writer’s emotion or subjective judgment.
Advanced,この上ない,416fc50aa72c3cc09cea11f79b828f0920cd26b6da1a98f12b8a15e6a2e89a3f,create_new_canonical_candidate,,primary,A phrase that indicates that something or someone is in an extreme state.
Advanced,さぞ（かし）,824d6f5b37a2824089fa5c47054467ce58b8bd3a939dca305fa954365569f66e,create_new_canonical_candidate,,primary,An adverb that is used when the speaker thinks that someone or something is in an extreme state.
Advanced,さて,1a074a905ae02b4e5064256e727648e1434ec4f9085cc8eb1eeb0e66f84a3e65,create_new_canonical_candidate,,primary,An interjection indicating that the speaker/writer is going to talk about something different.
Advanced,さも,84dd571488421ae42594464acabcdbdd3f3a559c2d6eb906fce851628ba002c9,create_new_canonical_candidate,,primary,"An adverb meaning “truly,” used when describing the way someone’s action or behaviour appears."
Advanced,ずして,ae882699865b6ebd7bc974764d65fa3737e2864b438e2fa6ab918386dc0a7a41,create_new_canonical_candidate,,primary,A phrase meaning “without doing something”.
Advanced,ずとも,246d32c498c52ab8f529a64c90110892861cd8c8fdfba97e9fba77ff6f9ce4cc,create_new_canonical_candidate,,primary,A conjunctive phrase that indicates negative concession: “even if ~ not”.
Advanced,ずにはおかない,599a1a113456b16a59b7ad37b1ffa4a2213d0285e9002ed4ecd735da490fbb8f,create_new_canonical_candidate,,primary,A phrase that expresses the idea that someone/something necessarily or naturally causes something to happen.
Advanced,そのもの,4dbbc4f309daa062c1a7ae26cd643f08f53eb2b425c9f4eb9a5a57596505b737,create_new_canonical_candidate,,primary,A phrase used to refer strictly to the preceding noun (phrase) or adjective.
Advanced,そもそも（の）,44b0f0f02ec44986a47afc618b409abc0ff4680af7088d9b1dcf269538f21e47,create_new_canonical_candidate,,primary,A sentence-modifying adverb used when the speaker/writer comments on or questions a fundamental point.
Advanced,それだけ,036615b559e6e6b995e8ef7510a538aa5e08c727c8cd0bb778ba57daf8e7b124,create_new_canonical_candidate,,primary,"An adverbial phrase indicating that the degree of something is proportionate to the degree of the state, action or event mentioned in the preceding sentence."
Advanced,それなりに・の,d99b3ca61627cea4bebbb61410753902acdf2156fca6cfeb089a2e3460b00f15,create_new_canonical_candidate,,primary,"A phrase representing the idea that someone/something does something or is in a state in his/her/its own way, or in a way suitable to the situation or generally expected from the situation."
Advanced,たかが,4f4320fbfb38e7b4393d3b04c6ccf0287fc9dcfb5411a04a0ec0dd9e5c12f6a5,create_new_canonical_candidate,,primary,A noun modiﬁer used when the speaker thinks little of the referent of the modiﬁed noun or noun phrase.
Advanced,だけあって,28f114e2edb95c692776fdbcda5df2292bd68e64f0ba6ced28139131678f45c6,create_new_canonical_candidate,,primary,A phrase that means “and as one would expect” or “for good reason”.
Advanced,だけに,c9d1e023e98f1d883f9918aece447883d7fb27324b4159412d9d31825a9b3613,create_new_canonical_candidate,,primary,A phrase that carries the idea “as one would expect”.
Advanced,だけのことはある,9f6ba76efd7e4f0d439d9ad0472cb4ac9f62ad9fef10399c43abe360b353a56d,create_new_canonical_candidate,,primary,"A phrase expressing an evaluative comment regarding how something is contributing to an expected, remarkable result."
Advanced,ただ,1e6fb000d605ceb6bd7ea8a23c448f73deefc6c370d1bb7d5abcc5c4bec4059a,create_new_canonical_candidate,,primary,A conjunction that introduces a supplementary remark.
Advanced,だって (1),e4d890a78285872f2f6e937122e4aa5991b8740050f2510219163d7db845cd82,create_new_canonical_candidate,,primary,A conjunction that indicates a reason.
Advanced,だって (2),68baeed7b6bf8770968c58e5fddbedd7f02dd1fb8d77ab07bfecafd1c6da4a6c,create_new_canonical_candidate,,primary,A particle meaning “too” or “even”.
Advanced,たなり（で）,1173fbf019b4cf320ffff66502e31c4518f9605a8cc968e521b789e4515adad0,create_new_canonical_candidate,,primary,A conjunction indicating that a situation or condition remains unaltered.
Advanced,だに,1f1d08cb80c0cb6a249d6bf919872db588fd33004fe21b8af109857295c76881,create_new_canonical_candidate,,primary,A particle indicating that something expressed by the preceding verb alone produces a certain feeling or the meaning “(not) even doing something; doesn’t even occur”.
Advanced,だの,da9ea8c820469be70ffaf50ab0e9a4be85b08f06efe82a9aa146749074260315,create_new_canonical_candidate,,primary,A conjunction that lists nouns/quotes inexhaustively.
Advanced,たるや,73bd97bf000e87a8f137924eef5301bdc26ad3cd7c794d711011c17c5eb5b2c6,create_new_canonical_candidate,,primary,A compound particle used to present a subtopic about which the writer provides surprising or impressive information.
Advanced,ちなみに,4c44c8bf44a915554109074a42120f7c5b2be9e1ed3d3d6deaebc149dbdf6f2b,create_new_canonical_candidate,,primary,A conjunction to indicate that what follows is additional information related to the previously stated main theme
Advanced,つい,18d8445c5da87b4da8e2718506ee23984130cd77bc19f3c052432b4f48783d27,create_new_canonical_candidate,,primary,An adverb used to describe someone doing something without being able to control himself/herself or used to indicate the closeness of a time or a place.
Advanced,ついでに,023cedb4d8e4ca748542c0a6160b44c6d948a10fa54bbbed27e1298e9a425da5,create_new_canonical_candidate,,primary,A phrase used to express the idea that someone does a second thing at the same time as the first because it takes less time or effort.
Advanced,ついては,5f4e5c715fa879f0cc9495145c91269b6f1cf4988989f3334fdc3ed974901a63,create_new_canonical_candidate,,primary,"A sentence-initial conjunction that means “with regard to this,” referring to what is stated in the preceding sentence."
Advanced,っけ,4b3ac71cff618da58adb1c13ee974920646d1211c279d7a80f6be967813e174a,create_new_canonical_candidate,,primary,A colloquial sentence final particle marking a question.
Advanced,であれ,f816734c0f4cdd4f27698af88e4db06ea0c966cca06b528b6fc99239f04e05ff,create_new_canonical_candidate,,primary,A conjunctive phrase that expresses the idea of concession.
Advanced,てはいられない,340783c37064b8f89571c279c09564895054b971d5b3554abb7d17d82274c6d4,create_new_canonical_candidate,,primary,A phrase that is used when someone cannot be doing something or be in some state due to a given situation.
Advanced,てばかりはいられない,eb9c017a7b3cac4d0d169155c781c6eaff6482b5a625110007ef0f16ff0e83c2,create_new_canonical_candidate,,primary,A phrase representing the idea that someone cannot just keep doing something or waste time being consumed by some emotion.
Advanced,でも・じゃあるまいし,4d62dae6cddf1c3f33c260eda7bcea3ef374a3b860dd0c696eede382f6e96d6c,create_new_canonical_candidate,,primary,A phrase expressing the speaker’s belief that someone’s action is based on mistaken identity of himself/herself and also expressing the speaker’s critical comments about someone’s behaviour.
Advanced,て仕方がない,de72b78f0c9b531efadafc5282ee7f2c534be9615daeffb30d1e753a26177807,create_new_canonical_candidate,,primary,A phrase that represents emotions the speaker/writer cannot control or sensations/situations he/she cannot bear.
Advanced,とあって,b2c8a67684f337d5e41a7f64c214de5bd4b3e306231e5b4faf7d3ee37de21def,create_new_canonical_candidate,,primary,"A phrase that introduces a reason when the speaker/writer considers it natural that someone does something or is in some state, or that something takes place for that reason."
Advanced,とあっては,9dfeb0b04f016b33bfdae363e5983dacac543b6b4f0687dac34b8a470ce252c2,create_new_canonical_candidate,,primary,A conditional phrase that indirectly presents a factual situation as a reason.
Advanced,といえども,6d6784384d87055c54c66c162b3febf0e2431ef6cac89dfac37dde36e76cdcb1,create_new_canonical_candidate,,primary,A conjunction that expresses the idea of “even (though)”.
Advanced,といった,94c062b846a98b0b547a83b905e447724c69b9cac31b7a68e908da9329a5c1c9,create_new_canonical_candidate,,primary,A compound particle that introduces examples.
Advanced,といったところだ,bb353e3ba57904f8ffdfb6f0f89e8e9d5e27c94fb737a3b5a9a09cd4e7da7564,create_new_canonical_candidate,,primary,A phrase the speaker/writer uses to explain something in a brief/rough manner.
Advanced,どうか,8dc5614bbb5f7c4bafd17890de38daaf32b3ea3f26d1ebc1535fded31496c361,create_new_canonical_candidate,,primary,An adverb indicating a polite yet very strong request.
Advanced,どうにも～ない,06100f719099cecd355ab069e8255a5f98f6d72c17fee9395d0e52a4d5926d93,create_new_canonical_candidate,,primary,"A structure indicating that no matter how hard someone may try, something is impossible."
Advanced,ところから,611b22a1124f01941ec502f752f0ad23c25588b994896c74dacd572fb17bf067,create_new_canonical_candidate,,primary,"A phrase that introduces the origins of names, theories, ideas and events."
Advanced,どころではない,cb9ef9f9c5f7a0956f06e7e620a4900212e13fea1fe895c14c239db0fcc7bbe2,create_new_canonical_candidate,,primary,A phrase indicating that an action/state is simply impossible due to an adverse situation.
Advanced,どちらかと言うと,6d13348f92bf34350ae16f57b8015c6f47119ada00527fd3ec1e98a41a18d701,create_new_canonical_candidate,,primary,A phrase indicating that the speaker/writer chooses one alternative over another in a tentative way.
Advanced,とても～ない,1161143efc45c11d3fb8ed5650b7ced023093090bcc6df5490449a1a385265bc,create_new_canonical_candidate,,primary,"A structure that is used to deny emphatically the ability of someone/something or possibility of an event, state or action"
Advanced,とでも言うべき,d92b9ac1a27ab75ea58cfb4e8488d2fe61b682f056f827e5e8216d622ee30ce2,create_new_canonical_candidate,,primary,A phrase that introduces a noun (or noun phrase) to describe the nature of someone or something.
Advanced,との,cf9666f413180bce751376f70b7ec351225124fed865b249e96e3b5a97335c1b,create_new_canonical_candidate,,primary,"A phrase that presents the content of the referent of the following noun (e.g., a report, notice, news, view)."
Advanced,とは,726b04efc4212b4a205b656e783a43f4765b243b9507f035677789c8300b8556,create_new_canonical_candidate,,primary,"A compound particle marking an event, action or state that the speaker/writer does not expect and that causes him/her to feel some emotion"
Advanced,とばかりに,2c8844288ba30bb1a72936827b58a7d10d0c1f17e73389bb740e455a7d17a6e2,create_new_canonical_candidate,,primary,A phrase that indicates that someone does something in order to convey something or in such a way that someone is convinced that something is the case.
Advanced,とは言え,99b9ddc03eee64d5e195e6cfa106a93d4614501591f4fde47c3733f4f21d323c,create_new_canonical_candidate,,primary,A conjunctive phrase meaning “although it is said that”
Advanced,ども,d501d1f990118e974c450d270d13387e9078b3c1d0d551b48cb2fcbb36718eff,create_new_canonical_candidate,,primary,A conjunction that indicates concession based on an actual state or action.
Advanced,ともすると,a974888729710a0731e660807b04135be4d5763832d432e393f32565b409be0c,create_new_canonical_candidate,,primary,A phrase that expresses the idea that something is likely to take place.
Advanced,ともなく,b0c637b0fab6699bc2a11f105fd895351a7e800e1eb2c0aed7069e5e0b08367e,create_new_canonical_candidate,,primary,"A phrase indicating that the subject does something without paying much attention, or that when, where, to whom, etc., something took place is unclear."
Advanced,と言うか,8a84f527d213c622a56a880a6108c597595f2237a89f118b24312ea37efb12c3,create_new_canonical_candidate,,primary,A phrase used to restate what was just said in order to be more accurate or appropriate.
Advanced,と言うのは,242d68db335aa3fb4eb579919b0b7ff1aba65fd22b1439e519f7c68a2a00d0db,create_new_canonical_candidate,,primary,A phrase that introduces the reason for what has just been said.
Advanced,と言って,bc1c19366d95079a39228cfa17d4e1a1f20283797b8c27d25627af77a111450f,create_new_canonical_candidate,,primary,A conjunction used at the beginning of a sentence to convey the idea of “however”.
Advanced,ないことには,c407a8736f6e7b54a8cc09766fb2a6211bf1977ad0049032a67b28aaa1ebc47b,create_new_canonical_candidate,,primary,"A phrase that means “if something has not taken place, something else won’t/can’t take place”."
Advanced,ないし（は）,b2cd633188de00ff28ca08881fedfa5cba878f9b04378a3fcafbe2466dc8f423,create_new_canonical_candidate,,primary,A particle that presents two possible choices or the minimum and maximum possible numbers/lengths/weights/etc. of something; or a conjunction that links two possible actions or events.
Advanced,ないでもない,0dc64d32386e1132db261797fdc8865094fa29890fa324f182205026b7d932cc,create_new_canonical_candidate,,primary,A phrase that indicates the speaker/writer hesitantly feels or expresses that something is the case.
Advanced,ないまでも,cb1f4047096a918baf8e02da9d9001b8985eb739611efdd4a97fd197b250ece2,create_new_canonical_candidate,,primary,"An adverbial phrase expressing the speaker’s feeling that although an ideal action or state isn’t possible, at least the next best action or state is or should be available."
Advanced,なお,5651e5e06399b582cc9488b03419b5e77af839c56dcc1a63fc7092c492d9531a,create_new_canonical_candidate,,primary,An adverb that indicates that an action or state is still going on or the degree of something increases; a conjunction indicating that an additional comment follows what has just been said in the preceding sentence.
Advanced,なおさら,160402e179405b36fc18b304c3d3008746c93540c144cb337dbb6ec787df9721,create_new_canonical_candidate,,primary,An adverb indicating that the degree of something increases due to an additional circumstance.
Advanced,なくして（は）,acf899034f0212420955b3e2ca1e9b2d74f925bfec3cab7900f4909693b9878a,create_new_canonical_candidate,,primary,A compound particle meaning “without something”.
Advanced,なしに,62d6ba25ceb76b82b8e13c67e29d44f8a374c5a73630245c95eb3e0bfb728a11,create_new_canonical_candidate,,primary,An adverbial phrase meaning “without (doing) something”.
Advanced,なす,5c28d7e1616eb38ff6331ddde19f11a92c1368e9db21dc1167d7784845ff1685,create_new_canonical_candidate,,primary,A verb that means “to cause something to happen”
Advanced,なぜか,3a8d9c26b8582ef02e159e804b58f5d6eee9774cdbf1312e5c92208d58be9913,create_new_canonical_candidate,,primary,An adverb indicating that the speaker/writer doesn’t know the cause of/reason for something
Advanced,なぜなら（ば）～からだ,9d6a553cfb1f6727d40590d9a550ea35751c2dda2a643051abf0d0a1b0b3f5a0,create_new_canonical_candidate,,primary,A structure used to introduce a reason for the statement in the preceding sentence.
Advanced,なまじ（っか）,561b77a91e162429c39c20dc9968fee47af0dfabe848ff5c06061dbcf4c115a6,create_new_canonical_candidate,,primary,"An adverb indicating that something (including an action/state) has a positive value which hasn’t been reached, causing something negative."
Advanced,ならでは（の）,c797226ff9895a75d0ad5220ed4168499d30425707352fb2e85946243c4b6c64,create_new_canonical_candidate,,primary,A phrase indicating something is “impossible if it’s not X”.
Advanced,なり,f318a3f63a0f0735d78e6f79bddb8bbc9525c8c15017650038141996d0343804,create_new_canonical_candidate,,primary,A conjunction meaning “soon after”.
Advanced,なるほど,977920b576bbfc8b6c58cc407516c056344e361e771e5a056064740a93f725f3,create_new_canonical_candidate,,primary,An adverb indicating that the speaker/writer afﬁrms the correctness of something he/she has heard/read/observed.
Advanced,なんて (1),5aeca1fba921bbfa4526b717314f6d0d6527d16c582e3afcde6f5fe4060785f1,create_new_canonical_candidate,,primary,A phrase used as the colloquial version of なんと.
Advanced,なんて (2),8fb34647e6b3b2f5f64b78fbfa8b0f803e051896095941c251f1b67a5407b204,create_new_canonical_candidate,,primary,"A colloquial particle used to express a strong feeling such as astonishment, incredulousness, envy, disdain, dislike, happiness, etc."
Advanced,に（も）なく,02ea834923e547eb7f530ca653b700d9ffe0d607a5b5f9004fc7e75afda85763,create_new_canonical_candidate,,primary,A phrase that means something unusual happens or someone does something unusual.
Advanced,に/ともなると,931f41663ae688b34eaeef49cbf0614e510d6c40ff26434c5defc18ec9271c2d,create_new_canonical_candidate,,primary,A phrase that is used when something or some situation is perceived to be special.
Advanced,にいたっては,c44bc7f820abd56178e1df054fa86d21ddeb57443abc4e9d58b5e63f48120ece,create_new_canonical_candidate,,primary,A compound particle that indicates an extreme example.
Advanced,にかかわらず・に関/拘/係わらず,c244ff44c5c3a94db7844f6479eca6ad7ee97d9a36a77d17e1a21e34c38d03e3,create_new_canonical_candidate,,primary,A compound particle that means “regardless of”
Advanced,にかけては,b2ec25318623c4a72c313d9a8d807239b57d695614595fd8693ee98e21135643,create_new_canonical_candidate,,primary,A compound particle that marks something in which someone excels or has conﬁdence.
Advanced,にかたくない・に難くない,7deff57e77f810c09aaa221ef0eb9dddb25281b43c2e2d8425df01e723bf657d,create_new_canonical_candidate,,primary,A phrase that indicates that it is not hard to imagine or guess a situation.
Advanced,にしたところで,4457fde79c31bdf7027b0a87944909a5d7640df67071da39e475f6cd6aebb827,create_new_canonical_candidate,,primary,A compound particle that means “even” or “also”.
Advanced,にして (1),e81c50e1be44212c0d374e5125f9d8af894fe27e6cba34a185bb0cf82e116842,create_new_canonical_candidate,,primary,A compound particle that indicates a period of time/stage (in life) at which some surprising action or state takes place.
Advanced,にして (2),aafbf868bf33c82e06ec34a77f513cef6c797d963f3003c610f5454ad1028cd3,create_new_canonical_candidate,,primary,A conjunction meaning “and” that is used to combine two noun phrases or な-adjectives.
Advanced,にしてからが,0de604f1b23183ecf97d5de11a2534645f2cbcffd38e3ac4a0cb2706d9605f0e,create_new_canonical_candidate,,primary,A compound particle indicating that something unexpected occurs.
Advanced,にしても,037d2b265eb9d61fb5a927452195f8b4beb97624ecaa56d09de7032e7e46b46f,create_new_canonical_candidate,,primary,"A conjunction that represents the idea of “even if someone decides to do something,” or “even if/though someone decides that something is true/the case”."
Advanced,にしろ・せよ,67574c6280844f80df285f217d7c1ae51eedd0f578dfcaab5af6ed7df0e7475f,create_new_canonical_candidate,,primary,A conjunctive phrase that carries the meaning of concession.
Advanced,につけ,156bdd330f9d1f43fd648cd36d7f5b9abd01677cd6dd26b99df2cabbe9299cff,create_new_canonical_candidate,,primary,A conjunction indicating that each time someone perceives something he/she feels or thinks something associated with it.
Advanced,にとどまらず,b68c771f44aa28b5a6bca5a02d52ee4c918ce17efad040a4dd670c082aca4973,create_new_canonical_candidate,,primary,A phrase indicating that something goes beyond a spatial/temporal boundary.
Advanced,にひきかえ,5f8652e46993a8561c1c251b83e5148de92a2a883432c1dc0b3e5b5e7b0627e3,create_new_canonical_candidate,,primary,A phrase that indicates a sharp contrast.
Advanced,によらず,f1cf996de3f6b8638f96788eafaaf16608726ffc228f929d18b59326841653d8,create_new_canonical_candidate,,primary,A compound particle that means “without depending on”.
Advanced,によると,347408c143485022f26f56c5e814966f01fb0faf65f64bacd30aba93e8b7b16c,create_new_canonical_candidate,,primary,A compound particle that is used to identify the source of information provided in the sentence.
Advanced,にわたって・わたる,01cbe94934f6199cc2e8b371fbae760f036d2c564adacb1788e4d7c6461b1fe9,create_new_canonical_candidate,,primary,A compound particle indicating that something takes place over a particular span of time or physical space.
Advanced,に向けて・に向けた,3ab160882865a348c814aba97d75775e315572322699b476e82c99f4ec61f8ae,create_new_canonical_candidate,,primary,"A compound particle that indicates the destination/direction of movement, the target/direction of an action, or the goal/purpose of an action."
Advanced,に応じて・応じた,7f3ddea11ebc664c18125899294fa2b9e00e2207d6e8cbbbfdfbf877a4a261e0,create_new_canonical_candidate,,primary,A compound particle that means “in response to”.
Advanced,に決まっている,74664d455fe53128d74eb43c23bf908615cb8a0337bf4874b7be29cebc419163,create_new_canonical_candidate,,primary,A phrase indicating the speaker’s/writer’s strong conviction or motivation.
Advanced,に越したことはない,1e3588e1e96d7563ae90acc1bece0ef055d323d0b4c1550269e0da8150443beb,create_new_canonical_candidate,,primary,A phrase used to indicate that a state or action is more desirable.
Advanced,のなんのって,a36bd3296021d21bbea60eef05b4820e4a382ac916437b45aeb3abb9d56c2213,create_new_canonical_candidate,,primary,A phrase to emphasize that something/someone is/was in an extreme state or that someone does/did something to a great extent
Advanced,のみならず,dc1731001ecdc998d3799d3e0ae94bc08c3fb5734329e2463791e4317f246eb7,create_new_canonical_candidate,,primary,A phrase that is used in formal writing to mean “not only”.
Advanced,の無さ・のなさ,14fea78f58864ba4049042e71ca01acf78e2b6744f8e94f1049ba95c5b5144bc,create_new_canonical_candidate,,primary,A phrase that indicates a state where something is lacking.
Advanced,はあれ,84dd386aae78594b745a014366224494478f593ba58d0c486e7705aac27c8aa3,create_new_canonical_candidate,,primary,A phrase expressing the idea “even though there is something”
Advanced,はいいとしても,c064ab023e1b0487e34fd1caec20af623648979f7c6791cefe39118968b90c64,create_new_canonical_candidate,,primary,"A phrase that conveys the meaning “even if I/we accept something, something else is not acceptable”."
Advanced,はおろか,0638bacff713f9a40d32212eea17ba87edf34a4a27261b5951bc3a2a4ff61c26,create_new_canonical_candidate,,primary,"A phrase that is used when something is not only true with one thing or person, but also with another thing or person that is less expected or understandable."
Advanced,ばかりに,3762e273e6da6a3361550765387f46b9e79d8dc909671e89ac8e49bae7b75971,create_new_canonical_candidate,,primary,A conjunction indicating that a single factor causes a negative situation.
Advanced,ばこそ,32159b477e798fee84a95ff8cf1ac02cabb540f0d2d9277157ed66561f7ea31c,create_new_canonical_candidate,,primary,A conjunction that emphasizes a reason
Advanced,はたして,8be12c45ba8cdb4c408c33234a609e2f9d7bf24334b94d461457ade57ad91d73,create_new_canonical_candidate,,primary,"An adverb indicating that something occurred as the writer expected, or expressing in a concession clause the writer’s strong doubt."
Advanced,は別として,a0cf5b1a68558c210f2b568b5b4a3c91f78483a2c7c9c972aa78957d8b8b65be,create_new_canonical_candidate,,primary,A phrase used to present an exception or an issue the speaker/writer does not intend to cover as part of a larger statement.
Advanced,ひいては,0151e4c1704c30fe582d0634dac043e6f437d91adb23e38726a37a87e56494d6,create_new_canonical_candidate,,primary,An adverb indicating that something is perceived to eventually lead to a signiﬁcant result.
Advanced,ひとつ,1dc12a99374efabfd57d32296e016ca0777abfb1e67a0a3c04bbcfa2bcd33900,create_new_canonical_candidate,,primary,"An adverb used when the speaker intends to do something, or asks someone a favour, or makes a suggestion or gives advice to someone."
Advanced,べからず・べからざる,8f372f9bb253d1493fb202ec8232e7223a86ec61b76421b21e72bb4ac2b961ab,create_new_canonical_candidate,,primary,An auxiliary verb that indicates a strong prohibition.
Advanced,べく,0b0f74e93ca369f14bac42134a36c9a9967617ba9b6bc3fed63f6920d9cfa997,create_new_canonical_candidate,,primary,"The verb modification form of the auxiliary bekida, which is used to indicate a purpose or aim."
Advanced,べくして,13600105aac7cc619fee31c3359f47612a386fdeed8d4065f0b9491c2dffea71,create_new_canonical_candidate,,primary,A phrase used when something occurs/occured exactly as expected
Advanced,べくもない,7eee6d84ac671d7f065f7a0c8b68eb3617a1a3377896286d176e947e4a616c2d,create_new_canonical_candidate,,primary,A phrase meaning “it is impossible to do something”
Advanced,まして（や）,356e53266a7e0ae57639ca5323f5a76d166ee0fc47edaac03d4f64ad04036db0,create_new_canonical_candidate,,primary,"An adverb expressing the idea that because one statement is true, the subsequent statement is naturally true."
Advanced,また,a7a054c2933a6a05f4e660c518db1c9e993649b8c24736c961e959ee4f331b5e,create_new_canonical_candidate,,primary,An adverb/conjunction that indicates repetition or addition.
Advanced,まで（のこと）だ,85270eb64cb7835fdb4920e971ac609479724292578128946e01947873324d43,create_new_canonical_candidate,,primary,"A phrase indicating someone’s decision to cope with a negative situation, or a simple, straight forward reason for his/her action."
Advanced,むしろ,1a2d73eac411564615745063f003950a0608581f822aa7cf690a4c985f457d21,create_new_canonical_candidate,,primary,"An adverb that indicates one of two things/people/characteristics has been chosen rather than the other to express speaker’s/writer’s desire, preference or judgment."
Advanced,もさることながら,cf14df91d064fafcb11feec9bcc6190c08ec62a8cecfe0aba13b13b989439594,create_new_canonical_candidate,,primary,A phrase used to mention something important and then introduce something more signiﬁcant.
Advanced,もしくは,1cf4917664e4ae210c99d4acd915d34947a7c7d209313427fcd28fadb167f956,create_new_canonical_candidate,,primary,A conjunction to disjunctively connect two items or ideas.
Advanced,もっとも,72ca92acc7c1328bf3a5eb00707492c8837802316840fd1b68b734b36db5a226,create_new_canonical_candidate,,primary,A conjunction used to add a comment indicating that what the speaker/writer has just expressed is not sufﬁcient.
Advanced,ものか (1),de36c4e805e28f1278232c07dab2dd72c3e4f6c68637dc396aa304f8d34f3e62,create_new_canonical_candidate,,primary,A rhetorical question marker that expresses a strong negative intention or disagreement.
Advanced,ものか (2),e6e7e758f5e2c3073b9c36adda22dd3d10dffb92247fae308354bc25fe68ccad,create_new_canonical_candidate,,primary,A phrase indicating that the speaker wants to do something or is wondering what one he/she should choose.
Advanced,ものではない,b615fbf6db64d8572ed147fd1456ce5e71bb2ab269e5b6a4b7b3d144d6dd3c6c,create_new_canonical_candidate,,primary,"A sentence-ﬁnal phrase indicating that one shouldn’t do something, one could not possibly do something, or one naturally cannot do something."
Advanced,ものなら,937c69e84abf39dba5fdf91f814d6b47f1ce5a4cdd3ab0ce658f332f0e5b5930,create_new_canonical_candidate,,primary,A conjunction indicating that the preceding clause presents a hypothetical situation that is unlikely to become a reality.
Advanced,ものの,84de62788a4e7608404975f8d71fbbfe60ba76ddc9533631666ab16687be55d9,create_new_canonical_candidate,,primary,A conjunction that means “although”.
Advanced,ものを,0eaa7326cd994fdb26d41aad151843cb1d3d7934b93d03e6bbe85526075e9e50,create_new_canonical_candidate,,primary,A disjunctive coordinate conjunction expressing the meaning of “although” with the speaker’s strong feeling of discontent
Advanced,やら,ae13b4a1b0a21933f357d3d146e19f6347e9557285a232c0500eaf9ce7aa9303,create_new_canonical_candidate,,primary,A sentence-ﬁnal particle that marks a self-addressed question.
Advanced,や否や・やいなや,4d2c3939739775cea265c02347c0ac0b32ec44d04b6ccbf66d946b57ec9750ff,create_new_canonical_candidate,,primary,A conjunction that expresses the idea that something happened or someone did something immediately following another event or action.
Advanced,ようでは,464ca922a07bd257ff33d867a0f7e1bc908c9e6123e7dfd9530f96baf5d08d10,create_new_canonical_candidate,,primary,"A conjunction that presents an undesirable situation, which is assumed to be factual."
Advanced,ようと・が,16c4906ac9742cd2bd60efbb50943bed9eb29ff990399c879239ea01d77d0dd2,create_new_canonical_candidate,,primary,A conjunctive phrase that expresses the idea of concession.
Advanced,ようにも（～ない）,e773539143bad4114a9ed9bfa17d89290d1123642c94c3d400b0c122222b2503,create_new_canonical_candidate,,primary,"A conjunctive phrase that indicates concession: “even though someone tries to do something, he/she cannot do it for some reason”."
Advanced,ようものなら,7b2bf7a548682ef11303472a79d656f8e1f47b0070d28f964d658c01c9831c63,create_new_canonical_candidate,,primary,A conjunctive phrase that presents an undesirable hypothetical situation.
Advanced,より・のほか（に）（は）～ない,d20dc796e8e7c6933153b98254e31914888c79603ff7ab5c092a318e5943f5c9,create_new_canonical_candidate,,primary,"A phrase that conveys the idea that there is no other choice than to do something, or that something is true of only one of a select few things."
Advanced,をおいてほかに（は）～ない,1eaea92e3c724ff5d357ff9de51840f2b77994a608869656bd7ebfe6ff715ea5,create_new_canonical_candidate,,primary,A phrase that means “there is nothing else besides X”.
Advanced,をめぐって・めぐる,241b4eba044f20161bc02cc3c7365639b0c9d2ffc1d063dabe6efb46a586a0e4,create_new_canonical_candidate,,primary,"A compound particle meaning “concerning; over”, which is used with an issue over which different opinions, ideas, etc., are expressed or exchanged."
Advanced,をものともせず,70aef6ebb8b5fd0aae0dd2d9c879b99e2a795e98950ba164154481ebeeb6b716,create_new_canonical_candidate,,primary,A phrase indicating that someone does something bravely/fearlessly in spite of unfavourable circumstances.
Advanced,をよそに,cc89875877657d748234ffbaaf73ca39ea5e6b6e48e7d52e97f2c611e1e82efb,create_new_canonical_candidate,,primary,"A compound particle that expresses someone’s indifference to warnings, criticism, advice, accusations, opposition, anxiety, wishes, eagerness, provocative actions, etc."
Advanced,を中心に,2379820774c770a243d28b8bb3f6fe60bd9cbad4b76805401e8846d6747f5117,create_new_canonical_candidate,,primary,A phrase that means “with something/someone at the centre”.
Advanced,を介して/介した,6d07b6567cd5595e3e414cf906dc2a10a799da7bf7f6e5466b85347e5a04887a,create_new_canonical_candidate,,primary,A compound particle that introduces a medium through which someone does something or something happens to someone or something.
Advanced,を問わず,87362bab718c4cb7d86a82803946388a796033b198bad154d3df2f6273762eaa,create_new_canonical_candidate,,primary,A compound particle that means “without questioning”.
Advanced,を禁じ得ない,924a68011a3fd18b513d8f0c390236dc197ef5ea2453364a718e1fe22125c9f6,create_new_canonical_candidate,,primary,A phrase that is used when one cannot control emotions or reactions caused by emotions.
Advanced,んとする,f8a54e4ee4a6b8999288c9b8af5fdefc619abdb47b8536bfedac61d02f8a2e91,create_new_canonical_candidate,,primary,A phrase meaning for “someone to try to do something” or for “something to be about to occur”.
Advanced,んばかり（に）,498463d8cf3551c31c4f457ff7f5b5f9b275db98f76021262256ca322301115b,create_new_canonical_candidate,,primary,An adverbial phrase that is used when a situation looks as if someone were about to do something or as if something were about to occur literally or ﬁguratively.
Advanced,一[Counter]として～ない,e877fc02009909a89ed0e056bdb5bdeffc489fa8723f657d894667bd87912081,create_new_canonical_candidate,,primary,"A structure that means “not a single one""."
Advanced,一つには,18dda7be0d2f8d632a20e9b5ea7c6b77e03bbdd57ca2c63f0f0fbb5547c78052,create_new_canonical_candidate,,primary,"An adverb meaning “partly” in a context where someone gives one or two objectives, benefits, examples or reasons for something."
Advanced,一切～ない,80a70a9a8c4d071830f61de8e016504439ec8e97f58d324791bc0e56be9d97ca,create_new_canonical_candidate,,primary,A structure that means “not at all”.
Advanced,一応,7e6cd717749ee0feee77b4471d8cf6e0b8da846205bfa67fd8f8503e741fdf03,create_new_canonical_candidate,,primary,An adverb indicating that an action or state is only temporary or tentative or is superﬁcially conceived.
Advanced,一方（だ）,b8b8c00ffdb9d950268ec08616669503668e7b69317eb56ab2107e99b34c2da2,create_new_canonical_candidate,,primary,A phrase indicating that “something happens continuously” or “someone does something repeatedly”.
Advanced,一方（で）,69230b0293e22279657d3333ae4a61c0312f547017ad742008dfad6bdace8d7d,create_new_canonical_candidate,,primary,A conjunction used to present two concurrent actions/events/states or contrastive situations.
Advanced,一旦・いったん,ba3fed0cdc919dc88339e5bc61427244deb559708022fa668532a7d13b451038,create_new_canonical_candidate,,primary,An adverb meaning “once” or “for a short time”.
Advanced,且つ・かつ,989802ae99227d1ef4a25f750178a9fbe690d3269efc34fe9105db53bc573fb4,create_new_canonical_candidate,,primary,"A conjunction meaning “and” that connects words, phrases and sentences."
Advanced,並びに,62ce99fa27719a98f7a2fa333652ad80376bf64e035018e890fcaebd5c0afd31,create_new_canonical_candidate,,primary,A conjunction used to combine two nouns or noun phrases.
Advanced,並み,a83f5997abc2b0ec4685d4f5e7989fbbbdd85b8f6917b41e8512b7dbda163a07,create_new_canonical_candidate,,primary,A noun sufﬁx that adds the meaning “to match”.
Advanced,中を,b172e4d048730244c68299f6a2f121d403a19216f1c687b13c7dcb013c81c067,create_new_canonical_candidate,,primary,A phrase that specifies space or time in/through which someone/something does something.
Advanced,今更・いまさら,7eded3d3a2a4cff44b16b465176a72cc9de2be30bce8f5c5b436110b8b80ad06,create_new_canonical_candidate,,primary,An adverb indicating that someone feels that it is too late to do something.
Advanced,以来,914706ea14f49d43e8439a13c0b79bf0ac402721d892066cf5894e9954f73804,create_new_canonical_candidate,,primary,An adverb meaning “since”
Advanced,仮に,b5fb9220e5fd07aa8fa4bfaefc4f6387315bf2b7ceb3cf51b6ef181482ca0805,create_new_canonical_candidate,,primary,An adverb that indicates the speaker’s/writer’s tentative supposition.
Advanced,但し・ただし,6d142d71f0a08e8309c9df209a101a6982ef0f34616d8ef103ac1aac9a08dada,create_new_canonical_candidate,,primary,"A conjunction indicating that there is a condition, restriction, proviso, etc., to the preceding statement."
Advanced,何[(Number)+Counter]も,32314a6bffcb0af3499073d943382710ada9a03d4ef1eecb33f15e00e2347d74,create_new_canonical_candidate,,primary,"A phrase that indicates there is a large number of things, people, etc."
Advanced,何～ない,654a40208f277f0b01e2d00e86f2b11a38f22713fda961c8dee2a32958c31896,create_new_canonical_candidate,,primary,A structure indicating that something doesn't exist at all.
Advanced,何とか,f326711497fe98dcd894ce5b376fb1be3e37180bc74526d27afd43be772e02d9,create_new_canonical_candidate,,primary,"An adverb expressing that someone somehow does something, or something somehow occurs."
Advanced,何も～ない,adc2e1b49be689cfd1d2655b2dbf1c31824414c6ba2aa03e2d191a3de7aa96be,create_new_canonical_candidate,,primary,A structure indicating that an action is taken for no good reason.
Advanced,何ら～ない,cdc31ba29491147de57238d319d1ae01c8153df44427ba9879c8c14a432cfe4d,create_new_canonical_candidate,,primary,A structure that is used to express a strong negative statement.
Advanced,何らかの,fb12d0c7d05c374fb35c908e7f46d6c6f9059fa4a5e5f61fba1e06b7ea75c43d,create_new_canonical_candidate,,primary,A phrase used to indicate that the exact nature of something represented by the noun cannot be speciﬁed.
Advanced,割に（は）,284027d62961c13b1734f9fd886a1d4ff022a7fed8d33d3c86bdb0bd4c8d9889,create_new_canonical_candidate,,primary,A phrase that expresses the idea that something is not in proportion to what one would normally expect.
Advanced,加えて,8d842e8f1006ac64b37736de0bfd39fc533d05c22e1f0922edcbc6cdbac0eed6,create_new_canonical_candidate,,primary,A conjunction that means “in addition to what has just been mentioned”.
Advanced,単に,1a7ac894f679f8c24fd180751f33e02d481eaf95a8be0ff1b3ba3b1259077783,create_new_canonical_candidate,,primary,An adverb that means “simply”
Advanced,単位で,1d6b7b0fe4c7304841b0a215fca5875b80feb6fb197237e98685f3d696170efc,create_new_canonical_candidate,,primary,"A phrase that indicates the smallest amount, number or unit of something (or people) involved."
Advanced,及び,727e0e27bfe474c86d565f7ad0b18e86ce4796784b0fde2405efc818b6629eb3,create_new_canonical_candidate,,primary,A particle that connects two nouns or noun phrases.
Advanced,反面,67fc803cf1bafbed0101b8ac63f97ff81105c5489a1ae82882cbac5cff4695c0,create_new_canonical_candidate,,primary,A conjunction used to contrast the positive and negative sides of something/someone.
Advanced,同士,eab0eaaa39fafaef9c9984e7d80968eaa7112b32826a270ef0bad8873cdd070d,create_new_canonical_candidate,,primary,A sufﬁx that adds the meaning of “the same things/people”.
Advanced,向け,fc50452cb118939b682714e3ea18ea4a7be5317b6e6391d4ac2518f1bc5a8768,create_new_canonical_candidate,,primary,A suffix that adds the meaning of “aimed at”
Advanced,如何（だ）・いかん（だ）,0de87d714334d0290321dd6f2117148e32ff3b9d9692b5b6cbc9c6fed1416c5d,create_new_canonical_candidate,,primary,A classic form of the adverb どのように “in what way”.
Advanced,思うに,e85f2cb4839df46170ec5621fa7da46684972a7005b3a6d6dc1ad555bf189fd3,create_new_canonical_candidate,,primary,A phrase indicating that the subsequent statement is the speaker’s/writer’s personal view.
Advanced,思えば,ce3ab6816307a44ecb8f5dfab78f3e18372d6f2c62eeb53b8d11f2aa0e7c1a97,create_new_canonical_candidate,,primary,An adverb that indicates feelings of nostalgia or regret when recollecting one’s past experiences.
Advanced,恐れがある,df77d62bca506276bf212873b31999b08cd15b0e8aef8363966e54f5fbf6874a,create_new_canonical_candidate,,primary,"A phrase that means “it is feared (that)"""
Advanced,折(に),2d652878f73a8d946cebbc62df416e234ef9424c045c05415c940829b358948f,create_new_canonical_candidate,,primary,"A noun indicating special/uncommon and primarily desirable occasions which someone takes advantage of, or where someone is expected to do something or where something desirable takes place."
Advanced,故に・ゆえに,110b54ab6f00118426bad828d03459ea9e60340b07e3515b4cf29e664f0e6773,create_new_canonical_candidate,,primary,A conjunction that presents a reason or a cause.
Advanced,更に,e26402e869fdf42e89a5b7ac20dd550c145a86c7f83b7d597996751efd503465,create_new_canonical_candidate,,primary,An adverb/conjunction that represents the idea of “additionally” or “further”.
Advanced,末（に）,099ba672565a621fa80f4403fd030c074476ce7c47f85fc6b69901323cbd9bb0,create_new_canonical_candidate,,primary,"A noun that indicates the end of a period or the time after long, hard mental or physical work."
Advanced,済む,9d029ea2f3a0be04eb5dbac7665595502e80de304a0b7bb769f4d79e002e420a,create_new_canonical_candidate,,primary,A verb that means “to be finished; to do (in the sense of being enough)”.
Advanced,滅多に～ない,694c2a2615fe1daa2446ab8e3b366ca285c0c20bb7ae9c536432ed648d78caed,create_new_canonical_candidate,,primary,A structure that indicates extremely low frequency.
Advanced,由・よし,4cc6fe003a934190050d86b957b62d50300c2d12dbca9dd943db92c67c794064,create_new_canonical_candidate,,primary,A dependent noun that marks the content of what the writer has learned.
Advanced,甲斐・かい・がい,45adeef900641831fdd31f07ae9ca93bd8b62d679e89ac64fed6558d54dfe418,create_new_canonical_candidate,,primary,A dependent noun that means something is worth someone’s effort.
Advanced,自体,079003682b50dc12b863e5248ec58a13c29c8e2f68887f0858fec8fbe086bea5,create_new_canonical_candidate,,primary,A dependent noun that is used to emphasize the referent of the preceding noun.
Advanced,見るからに,da129e94c993ee9084bab71627e14352ed14c2b2f51ccbdfa6124f617fd84d80,create_new_canonical_candidate,,primary,A phrase indicating that something can be (obviously) recognized through visual cues.
Advanced,言うまでもない,bb7335bb9fe7d8ff89ff68ee1d3d969b706b8006b016077a9a91e0f6ab03d2f1,create_new_canonical_candidate,,primary,A phrase indicating that what the speaker/writer expresses is generally known but that he/she presents it as a reminder.
Advanced,言ってみれば,6e913c31217f11ad52d405403c1c06963b3731c094cf6a4993f0f1fa23cad9f5,create_new_canonical_candidate,,primary,"A phrase signalling a comparison (including the use of simile and metaphor), a deﬁnition, or an explanation."
Advanced,言わば,757c72ba5adf0da2cdde3345ca240e2a98ea77010a82763fff6380aca86f7a22,create_new_canonical_candidate,,primary,An adverb that means “if I were to say it some way (or a different way)”.
Advanced,限りだ,75630f490317c3a21d6864ff410f1bb48e493bedef129b43af617825ab8a1533,create_new_canonical_candidate,,primary,"A phrase that indicates the extreme degree of the speaker’s/writer’s emotion — happiness, sorrow, envy, shame or loneliness, among others"
Advanced,願う・願います,72fed8a6005137c3751252486ad82ccd80de48aaae6e5e89f7c33c61dea5269d,create_new_canonical_candidate,,primary,A verb that expresses a polite request.
Basic,Relative Clause,570c4490e28777ae791856b994d845da8ad68ebeb3a1b9e3a92cac781990cd0d,create_new_canonical_candidate,,primary,
Basic,あとで,32bf861fe05cedd36a752857b92ad11e4da5cf860c37544306182256c110ad31,create_new_canonical_candidate,,primary,Some state or action takes place at a time (not always immediately) after another state or action has taken place.
Basic,あまり,1106563451ce8c2a09a78b35f683b73ede28f26e13e4fdaecfe25f2f109bd55c,create_new_canonical_candidate,,primary,The degree of something is not great.
Basic,ある (1),857aaad1aea70079ddc949d65dc6482a79eadee5cf12835fedfc22319edf148d,create_new_canonical_candidate,,primary,An inanimate thing exists.
Basic,ある (2),e4ff1cf689389f24168f6ec809842f42714e61ea05c3bd2956ab75a09bf668a6,create_new_canonical_candidate,,primary,Something has been done to something and the resultant state of that action remains.
Basic,いる (1),4fa6ecca5d50a48e27d14384404bd14e937f237f5a7c1fec80e80bd8065a2994,create_new_canonical_candidate,,primary,An animate thing exists.
Basic,いる (2),6e3876db211bac095c7fc4e000ea9a8b7184313bc2f6a08d6440f34297b167e5,create_new_canonical_candidate,,primary,"Someone or something is doing something he or it started some time ago, or is in a state created by an action he or it took some time ago."
Basic,うちに,033fcf5a74bc692201966186260854b982139323673b667e0f00dc9dff29d071,create_new_canonical_candidate,,primary,During a period when a certain situation remains in effect.
Basic,お,8ff56701a37d9d44fd6b7849696d3dfbf63614c0479a0a49d14c16daa8bd6994,create_new_canonical_candidate,,primary,A prefix that expresses politeness.
Basic,お～する,454f15e3509dc942b76fc69ecd3ee16b988670ea6d84ecd9ad559df7f8be628c,create_new_canonical_candidate,,primary,A phrase which humbly expresses the speaker’s politeness to someone when describing the speaker’s action or state that involves or affects that person.
Basic,おく,c3a423d720fa7d313e968fb2d3abd1603483503e13c532111d06126fb12155a5,create_new_canonical_candidate,,primary,Do something in advance for future convenience.
Basic,か (1),fb47c78b1015adbd2bc2ded962f43122417e3de6fdda416dee6f0bbfdd40c62c,create_new_canonical_candidate,,primary,A particle which marks an alternative.
Basic,が (1),728d458a818330e7b665c1e6757692f6acb89b90186687bc72028b8354323893,create_new_canonical_candidate,,primary,A particle which indicates the subject.
Basic,か (2),3c47e1079bc8ed211c17ef6ea57eee6382f5882251ae7863ecb7e249372bacfa,create_new_canonical_candidate,,primary,A sentence final particle which indicates that the preceding sentence is interrogative.
Basic,が (2),04c57fdbc7b6d4323e0e6a132f0d66d9596075cbf0b0a17addd81d066d3e341e,create_new_canonical_candidate,,primary,A disjunctive coordinate conjunction that combines two sentences.
Basic,か(どうか),a1f585db45eaa9cf35ac6079a9be3406d8c6d631198db21f4d87dd7c62e60e39,create_new_canonical_candidate,,primary,A marker for an embedded yes-no question.
Basic,かい,c2dd4dcb1c000790c6f7d4d3cda08cd5c0cafa09ab67ecf6fad32ae5bc4885c2,create_new_canonical_candidate,,primary,A sentence final particle which marks yes-no questions in informal male speech.
Basic,かしら,347c3a4d65bd0f1d2895faa8f5c34c3bb6ba51c04a91bc84eaecea5ac1eb0573,create_new_canonical_candidate,,primary,A sentence final particle which expresses the idea that the female speaker wonders about something.
Basic,から (1),7ae8c0db5e17df1b63c2eb925644b57cb49a09c5e35f8765e8ddd23d10605f99,create_new_canonical_candidate,,primary,A particle which indicates a starting point or a source.
Basic,から (2),97a91c490129d6b8cc61a84b66aebaa788a9e9eebfb05fc4d6d59cb1e6e0df94,create_new_canonical_candidate,,primary,After/since a point in time at which something takes place.
Basic,から (3),318249d4c47f862344b47cbc6fe6ddf94760fc91837a4f69d0ab32bdb4acd82c,create_new_canonical_candidate,,primary,A subordinate conjunction which expresses a reason or a cause.
Basic,けれども,0b1a351c825f4010e8e437d54a2c03621783ca12898964f84c9c72a01f173ca8,create_new_canonical_candidate,,primary,A disjunctive subordinate conjunction that combines two sentences.
Basic,こと (1),1f6c007a16dd04b5498b727da0585d0d4f0d7e445303dd3421fa529f590a159a,create_new_canonical_candidate,,primary,A thing which is intangible.
Basic,こと (2),25ff0af31195e285c90b55b5e159411f6656c51d71355ef88318a3046b75143a,create_new_canonical_candidate,,primary,A nominaliser used to indicate the speaker’s relative lack of empathy with the content of the sentence he is nominalising.
Basic,ことがある (1),c49a6c4704d29d3127fe9fe131b848b7300003eb26b0ed43ea7047d86b939a32,create_new_canonical_candidate,,primary,There was a time when ~
Basic,ことがある (2),7a9175e7381797adb7b45ff229f2ced1a6faf4a5d08a324bd07f4acd6945db43,create_new_canonical_candidate,,primary,There are times when ~.
Basic,ごとに,fef37bc852c8a16f2f879ce5c1e940204da574ebccb4f559dcbc6f3b757c0a1f,create_new_canonical_candidate,,primary,Something takes place regularly in succession after a certain temporal or spatial interval.
Basic,ことは,af29da1af301b5e3e4a63ef358c73f16ff572cf59012acd5224984f1f459c1e0,create_new_canonical_candidate,,primary,"Speaking of proposition X, X is certainly true."
Basic,さ,1ac91e9e01198888f56d039d755f8c5351ede7f4e5770988b51fdfb86ba8087c,create_new_canonical_candidate,,primary,A suffix that makes a noun out of an adjective by attaching it to the stem of an Adj (い) or much less frequently to the stem of an Adj (な)
Basic,させる,068886b58e1f33273de9fdabd2409b5cb06639282b0fbf3203546de2fbb05a48,create_new_canonical_candidate,,primary,Cause someone/something to do something or cause something to change its state.
Basic,しい,8a0b5e24be29ea5009db71e0de112936d9889ac026e84884ed1374ff06f1d0bb,create_new_canonical_candidate,,primary,An infix attached to the stem of an adjective い to indicate something that one cannot objectively measure on any scale (e.g. human emotion).
Basic,しか,5add4d9d1aa9803a4897ed948b9feb1865aafe0f574186db44158f1d7a6646e5,create_new_canonical_candidate,,primary,A particle which marks an element X when nothing but X makes the expressed proposition true.
Basic,しまう,739ad3561d01a5e94d9612a9b31d940a1991901ddc9c735ed0b8f0004998ea75,create_new_canonical_candidate,,primary,An auxiliary verb which indicates the completion of an action.
Basic,ずつ,a9921afdd2f13509aee0a0ecf2fc144316617bb9d4199bf4366233b742e48ce2,create_new_canonical_candidate,,primary,A particle that indicates equal distribution of quantity.
Basic,する (1),fc63e7dd97fafbbde3e7e80d637d44300e9f473dc3bbfc3c3a9ec9a2479e8db7,create_new_canonical_candidate,,primary,Someone/something causes a state or action to take place.
Basic,する (2),fe12bdfc2bf33cbc1f75059e605cc55c35d8d7fcdf53fe85c2aa54b15666c90c,create_new_canonical_candidate,,primary,Someone or something has some (semi)permanent attribute.
Basic,する (3),9cd7d4f852417cd370fac550306a59ebbb73986a9684fdd9428afe53c66a09e8,create_new_canonical_candidate,,primary,Something is perceived by someone’s non-visual senses.
Basic,する (4),29b71e9e17559623709e0c07007964feeffe3c8ed303e41c57fc31c1394530d3,create_new_canonical_candidate,,primary,A verb that indicates how much something costs or a duration of time.
Basic,すると,bc240d1ffd5d4ff2c870d5fd4ced5fa2a88a3a4816706c0720f79f4dd196acce,create_new_canonical_candidate,,primary,A coordinate conjunction which connects two sentences (the second sentence either describes an event which takes place right after the event described in the first sentence or it expresses a logical guess related to the event in the first sentence.)
Basic,せっかく,5256f22f6603887c064c59349270e8b52229185fe70767f2641f15f709b7be18,create_new_canonical_candidate,,primary,"Some situation which seldom occurs has now occurred and one can either make use of it or, to one’s regret, cannot make use of it."
Basic,そうだ (1),6e243cb75e679ea4a3bdb5950f34129c78bc131f694992480ea7145cafae123b,create_new_canonical_candidate,,primary,An auxiliary which indicates that the information expressed by the preceding sentence is what the speaker heard.
Basic,そうだ (2),1f94bf9d093551df3c4481d86e0a1fae7d14fdbe526ed0245b6f2fc431e853a9,create_new_canonical_candidate,,primary,"An auxiliary adjective which indicates that what is expressed by the preceding sentence is the speaker’s conjecture concerning an event in the future or the present state of someone or something, based on what the speaker sees or feels."
Basic,そして,cba6d3765afa782cb746214d4e023d90b573a6c30d8c2ae22448cc3fb413f479,create_new_canonical_candidate,,primary,A coordinate conjunction that connects two sentences.
Basic,それから,4d2aa67ee238453d249d4afef2ea33f3ed5563f1c261c6dc92044f177606d204,create_new_canonical_candidate,,primary,"A conjunction that indicates (1) temporally contiguous actions or states, or (2) a cumulative listing of objects, actions or states."
Basic,それで,10e412a2e87f3b420a1f66d487ec3806954c966e99c84a8e68cedfd36e7eb004,create_new_canonical_candidate,,primary,A conjunction to indicate that what is stated in the preceding sentence is the reason or cause for what is stated in the following sentence.
Basic,それでは,9e094cfdb7efca6e2dfc109e9866f79553b75b060b70bcad9dc425187e7b832d,create_new_canonical_candidate,,primary,If that is the case
Basic,それとも,74676f248f24d24202096d6d3a1ce1a608be1c46d1a61384965c2f0c6776cecb,create_new_canonical_candidate,,primary,A coordinate conjunction which connects two alternatives expressed by sentences.
Basic,それなら,b4f752c1fea24b18daaf4ba28c7adf83453ade0de9cf64c9e988e64207e9ab79,create_new_canonical_candidate,,primary,"If that is the case,"
Basic,だい,be987a30ab1f41a336cf56260045d49a18174f7772086c01b98e94aa1083a89b,create_new_canonical_candidate,,primary,A sentence final particle which indicates an interrogative word question in informal male speech.
Basic,だけで(は)なく～(も),10ec51ea02d25d3afe5021e89247cc2c03cbec334778336fdc7e0aee7a65add3,create_new_canonical_candidate,,primary,"Not only X but also Y, where X and Y can be either a noun, a verb, or an adjective."
Basic,たって,28f742e5fabad525ee86c1a2f08f23c99a233c1fbb187c7412931f91a8125f30,create_new_canonical_candidate,,primary,Even if someone did something or something were in some state (the desired result would not come about) or even if someone or something is in some state.
Basic,たり～たりする,10bd6528f0bcd5d8addb99ef883aaeda9f286a84113309d4b298a3ce0c582d28,create_new_canonical_candidate,,primary,A phrase which expresses an inexhaustive listing of action or states.
Basic,って (1),395e686d4510a79e58a4ccd6ea947cbe2a57900189c81176571c9fb30939e354,create_new_canonical_candidate,,primary,A colloquial topic-introducer.
Basic,って (2),ac1555a51d10b23f6358a3c16291119e773e9110babaa2f594cbc0324c0b6ce0,create_new_canonical_candidate,,primary,A colloquial quotation marker.
Basic,て,be7393304eb4368725f6802ffefad81e35e6e30beb4d3f354ea6854c48f6b48a,create_new_canonical_candidate,,primary,The て form ending of verbs and い-type adjectives (The て form ending of な-type adjectives and the て form of the copula is で.)
Basic,で (1),2fb3526dc2acd3d2472de08cf5456824d5578b958ec3720a4f65e676cba5a82c,create_new_canonical_candidate,,primary,"A particle which indicates location, except for location of existence."
Basic,で (2),94fc4623acf4a820feb28d5458d841fad6250fe41106c1c385809c778f1d5c0c,create_new_canonical_candidate,,primary,A particle which indicates the use of something for doing something.
Basic,で (3),f73604c0cf09a019883b9f3b1e60bcd51127e560b042a4e472309f521417a2b6,create_new_canonical_candidate,,primary,A particle (apparently derived from the て form of です) that indicates a weak causal relationship.
Basic,で (4),6aea2230536c1c4b7f43ad0d175744370cf90837e21612bd49b7e20e08ef58ed,create_new_canonical_candidate,,primary,A particle which indicates the time when something terminates or the amount of time a period of activity has taken.
Basic,でも,b2b13ef7d64f293de86ce07f9461c95603e98397a8868db59a947ef20d3f3175,create_new_canonical_candidate,,primary,The て form of です plus も ‘even’.
Basic,と (1),1a846d8471c35672ede9a0ed0002af22e1542df3de4638bcf032641b41a19966,create_new_canonical_candidate,,primary,A particle which lists things exhaustively.
Basic,と (2),2600faa68744245b1082c9cbf27c9638eb34eef3508eb79e1801e024392a7ffa,create_new_canonical_candidate,,primary,A particle marking the noun phrase which maintains a reciprocal relationship with the subject of a clause.
Basic,と (3),eb657367bd2e22781f91836bf8aaa53cc4162f7e788adbb869db121075c56e36,create_new_canonical_candidate,,primary,"A particle which marks a quotation, sound or the manner in which someone/something does something."
Basic,と (4),5f36f6e868adba8a6369cc9f2de67bbc45cca51fbf5056637d5ce3413c7838f4,create_new_canonical_candidate,,primary,A subordinate conjunction which marks a condition that brings about an uncontrollable event or state.
Basic,という,fcbea55d75e5c280e06b913e72816090f88b0129d7627046e94ecab58b5f714e,create_new_canonical_candidate,,primary,A phrase marking information which identifies or explains the noun following the phrase.
Basic,どう,953521d3aac1fc6549f615e33aade76f9e9ccdbf46a3504495e1ff1efe7880ad,create_new_canonical_candidate,,primary,An interrogative adverb which asks about the state of someone/something or the way of doing something.
Basic,とか,b86237eb579ff09cc8a29b6594bf035bdd8392247b997aa5f49438ca2cf88d02,create_new_canonical_candidate,,primary,"A conjunction that lists two or more items, actions or states as inexhaustive examples."
Basic,ところだ (1),ee0971eb59a7bfb7f1dfe754a8b20d4f3ec3735a2c087b25e8c467fb26e2b887,create_new_canonical_candidate,,primary,A place is in a location which takes a certain amount of time to get to.
Basic,ところだ (2),7b70c5217ce24613453e1bf3f942215e360d5852b39ce6b57c0497f5daca28ae,create_new_canonical_candidate,,primary,"Someone/something is in the state where he/it is just about to do something, is doing something, has done something, or has been doing something."
Basic,として,62161bb64c227aa25221ccc9ecb9d283e057013c2fb33d28c7c045736c9d48ca,create_new_canonical_candidate,,primary,"A compound particle which indicates the capacity, role or function of someone or something."
Basic,としては,66df2334c4bf39a26ac31ab4948daf4127d39dc93ef089f03a9220700d61c85e,create_new_canonical_candidate,,primary,A compound particle which indicates a standard for comparisons.
Basic,と言えば,0109dfd953ee42b48c4d42a15cb0c56f404070b7d6edfb6118c5a60f86d15439,create_new_canonical_candidate,,primary,An expression which presents as the topic of a following discourse a phrase which has just been uttered.
Basic,な,210d68eac18bf1523e0704ef903eb8b19f724727e1c8aa5e426b5367c450755f,create_new_canonical_candidate,,primary,A negative imperative marker used by a male speaker in very informal speech
Basic,なければならない,ac62b7d8b96b1a8b438bdfa10f751653597fa5e07a1f942cf3dfbd64118cad33,create_new_canonical_candidate,,primary,It won’t do if someone does not take some action or if someone or something is not in some state.
Basic,など,d2dcd0474569c53590209872a0ec0ba11f05a5281987e976fc718d7fcd46e77a,create_new_canonical_candidate,,primary,A marker that indicates exemplification.
Basic,に (1),96d69e15abfd33de322de91075df6f0223963584f5c6e374a70fd3f5b4755024,create_new_canonical_candidate,,primary,A particle that indicates a point of time at which something takes place.
Basic,に (2),4d9bf9942a94f45adbb14036221230c686d23bd00eda271de9316ff8b3100641,create_new_canonical_candidate,,primary,An indirect object marker.
Basic,に (3),73a590bf2165750ba2bc42d8e5d0839b08bc3489542f53964ffd0ac491b9cb5a,create_new_canonical_candidate,,primary,"A particle that indicates an agent or a source in passive, causative, もらう/てまらう and other receiving constructions."
Basic,に (4),0ab219d83f9de916b0e077cea46d66966dd8f5391994aa649b2a29957b2d5cad,create_new_canonical_candidate,,primary,A particle that indicates the surface of something upon which some action directly takes place.
Basic,に (5),7d02c0c2718ade9bd9adb7a6a81245f32bf86d97986b726b154cea163b244782,create_new_canonical_candidate,,primary,A particle which indicates purpose when someone moves from one place to another.
Basic,に (6),f10ddf252fc87400db8d8c6eb69e76d2474b771936bea093cd5c7fd786c47d89,create_new_canonical_candidate,,primary,A particle which indicates the location where someone or something exists.
Basic,に (7),04cd57c2f4b75856a54d4737deb313b8487877340975076a13197ef8ecdbcc34,create_new_canonical_candidate,,primary,A particle which indicates a place toward which someone or something moves.
Basic,にしては,e1250e57a1e0ff91c30e1c8adc319f62ac24a397e37da33e70a7c8b270a6564c,create_new_canonical_candidate,,primary,A phrase that indicates a generally agreed upon standard (the entire sentence that includes this phrase expresses some deviation from that standard.)
Basic,に違いない・にちがいない,0a31a59df7ecbb28c671a0d2b001ef0922b90076bdf1a5cb66fae0afc2a0463a,create_new_canonical_candidate,,primary,The speaker is convinced that there is no mistake on his part in guessing something.
Basic,ね,e3ac98aee0f20c1874289fe1a0e6eea559f5b086f998f518bed16de187e46461,create_new_canonical_candidate,,primary,A sentence final particle that indicates the speaker’s request for confirmation or agreement from the hearer about some shared knowledge.
Basic,の (1),5e331a59f38eec23ade34e94bf40b1e6ba6c07f2255ff9f1c084588bd84cf771,create_new_canonical_candidate,,primary,"A particle which, with a preceding noun phrase, forms a phrase to modify a following noun phrase."
Basic,の (2),5ac0e6111f67ec8baa4c42e01a6baa61094be3df7ad4ab2e60f7d9e110763943,create_new_canonical_candidate,,primary,A dependent indefinite pronoun.
Basic,の (3),5cb0b984bc8ee76c26aaca092eb9e7edac422a5a48ec09bbba47272780c09754,create_new_canonical_candidate,,primary,A nominaliser which is used when the nominalised sentence expresses a directly perceptible event.
Basic,の (4),c77ae88becf20b80bd89b14434b5d71c6fa9321485cbdad87497eb054bdf1f49,create_new_canonical_candidate,,primary,A sentence-final particle used by a female or a child to indicate an explanation or emotive emphasis.
Basic,のだ,eab687be90a7fcc1260bb2a08f535b6b2883e0d0109569e90b5ccdf9e25fb0d3,create_new_canonical_candidate,,primary,"A sentence ending which indicates that the speaker is explaining or asking for an explanation about some information shared with the hearer, or is talking about something emotively, as if it were of common interest to the speaker and the hearer."
Basic,のは～だ,34d025539ac356a25c07ce11e9b156770b59f8ce5da006c699cb232d64aa38a5,create_new_canonical_candidate,,primary,"A structure that indicates new, important information by placing it between [x] and the copula [x] ([x] is an indefinite pronoun ([x]2) that replaces ‘time’,’person’, ‘thing’, ‘place’ or ‘reason’.)"
Basic,は (1),31e14a5f5cb3d54633586adb01ee42b7b8412dcad1c73e0594069af8de0e1a0e,create_new_canonical_candidate,,primary,A particle which marks a topic or a contrastive element.
Basic,は～が,7caf7ba4c6858dbc6350d5d49ef1b107678a7f09bd68f51a4e6f41dd596ded26,create_new_canonical_candidate,,primary,A construction which relates a non-controllable state of something or someone to a topic
Basic,は～だ,5300f88f4788e98f1929396ff06b69abb7406cb466de2fff03b02f351fd45d1e,create_new_canonical_candidate,,primary,"Someone or something is/was someone or something or is/was in some state, or will do/does/did something."
Basic,はいけない,a95447a311bb7399b723510f718d5419cf3042bbccba98d4c50c63eff60aa13f,create_new_canonical_candidate,,primary,A phrase which indicates prohibition.
Basic,ばかり,1bdfd0e5cdf47fc24edd245b8512252dbb22a11828d344693f8386986e83edec,create_new_canonical_candidate,,primary,"A particle which indicates that something is the only thing or state which exists, or the action someone will take, takes, is taking or took."
Basic,へ,9e9ba639a5bd65f8c54bb74320821873155b3bb703773137a3fba445539bb1ed,create_new_canonical_candidate,,primary,A particle that indicates the direction toward which some directional movement or action proceeds.
Basic,ほうが~より,b568b514ef6c68f65af9959f8869bfcb5b0c2c1a7c1ed11c40d06597edb927ad,create_new_canonical_candidate,,primary,"Comparing two entities, one is in some state or does something more than the other."
Basic,ほうがいい,463f9300f224123be15c9685345f437ad4e6e4b55174ae5944083edb79c56f00,create_new_canonical_candidate,,primary,It is strongly suggested that someone do something.
Basic,ましょう,301ce544a4bcdfab517a6198fae908a287ef1174e02ac655fb53131472b8fe9e,create_new_canonical_candidate,,primary,A verb ending which indicates the first person’s volition or invitation in formal speech.
Basic,まだ,bbc285c78a9de94bc838788bfcd4959525d1eaed8220cf7c894489337f44ac43,create_new_canonical_candidate,,primary,Someone or something is in some state he or it was in some time ago.
Basic,まま,a3969538f62e609478e974d205ac194fd19043da444eba2416dd1ac8f8fc0b0e,create_new_canonical_candidate,,primary,An already given situation or condition remains unaltered.
Basic,みる,3d19ebcc3fa22b60eb03e56ef24ff6bd5ea3f40f255ed07e065e6b75b965f269,create_new_canonical_candidate,,primary,Do something to see what it’s like or what will happen.
Basic,も,f404bdcf660b06bae39efe17590a53393213401286bbd172a45dc538777d2442,create_new_canonical_candidate,,primary,A particle which indicates that a proposition about the preceeding element X is also true when another similar proposition is true.
Basic,も (2),07dfbb835645a0a5ecae205853ddcba6fe861404f4eccc98b0758403189b1347,create_new_canonical_candidate,,primary,A marker which indicates emphasis.
Basic,も~も,9bec49a5c36ce49ba4a7ccffb75fdcfccdb78c43ea4cccbb349e0c868fe2e71f,create_new_canonical_candidate,,primary,The repeated use of a particle meaning ‘also’ to list elements belonging to the same part of speech.
Basic,もう,0a06647da80d6f5e285f1ae055552c1ba423f1eade5d3d8183e6262745694aa0,create_new_canonical_candidate,,primary,Someone or something is no longer in the same state that he or it was in some time ago.
Basic,もの（だ）,2964b6019f8732abcdee1e1ef1b5fa1d42810c2d956ecf6fc39ea15db12076f2,create_new_canonical_candidate,,primary,The speaker presents some situation as if it were a tangible object.
Basic,や,83a1481ec7bad5073896017ac483536b6175385af649328d1c2640a8a539baf0,create_new_canonical_candidate,,primary,A coordinate conjunction that is used to list two or more items (nouns or noun phrases) in an inexhaustive fashion.
Basic,やはり,5d2fb446b4cb387f5ffb6fadc7cddc12fe6b02b1c084ae4bac3b2132fc670348,create_new_canonical_candidate,,primary,"An adverb indicating that the actual situation expectedly/anticipatively conforms to a standard based on past experience, comparison with other people, or common sense."
Basic,ように (1),53347f08d36f1b426ce658c121c1faa94264fab674cb7278305140e3d91e7a4d,create_new_canonical_candidate,,primary,Do something in such a way that ~.
Basic,ように (2),d801c30a15813ef03a93dcaa1d9686485434801c6b6288a124007de65759fd6f,create_new_canonical_candidate,,primary,An adverbial form of ようだ
Basic,ように言う,ca37225c9ecb8bf28662b929d13b952710b1346c792237b5c29d278e62e76692,create_new_canonical_candidate,,primary,Tell someone in such a way that he will do something.
Basic,より (1),4795a16bd9ba9070b6f6d8a2804a10d47a41826c93030eff564581d196735d3d,create_new_canonical_candidate,,primary,A particle which indicates that something/someone is being compared with something/someone.
Basic,より (2),2ec185dcce0399fe0b75af90069064b0dcd0d8c94701a0b7c10079e5a617e16e,create_new_canonical_candidate,,primary,A particle which indicates a set point in terms of space or time.
Basic,られる (1),6af7d6708fb171daabc6c27455134486441b07b97c64a507e0171178ef5089dd,create_new_canonical_candidate,,primary,A state or an action cannot be controlled by someone or something.
Basic,られる (2),b0cb427f378aaeb278431f947e14509ff973dd9e10ecf281e4e8d5689c7e377f,create_new_canonical_candidate,,primary,An auxiliary verb which indicates potential.
Basic,わ (2),2d07ef908e5ee88bb813ffe93866fa4cf990e13312531c9913f30a830eab92f0,create_new_canonical_candidate,,primary,A sentence final particle used in weak assertive or volitional sentences by a female speaker.
Basic,を (1),854600e411e45d8e0a79a6ed8291a5433572ddaac8f5d62f0577993763fc81c3,create_new_canonical_candidate,,primary,A particle which marks a direct object.
Basic,を (2),8de159752ebc5ae7c4fe95c2c83f97a57263cd0cf5523916addb208cff2bbd2c,create_new_canonical_candidate,,primary,A particle which indicates a space in/on/across/through/along which someone or something moves.
Basic,を (3),455de27662e24ea7565dda827bec8a67f2076f353c61ded3344809d2e856fac0,create_new_canonical_candidate,,primary,A particle that marks the location from which some movement begins.
Basic,を (4),67cd102ce532ba3c78917c99bcafcdab038564e733715e616b6a700ad409a8e6,create_new_canonical_candidate,,primary,A particle that marks the cause of some human emotion.
Basic,一番・いちばん,08c3e6007d5698b28978cd2caadb0aee7c086b2886228bb7947a94ca5acc704c,create_new_canonical_candidate,,primary,A superlative marker.
Basic,下さい・ください,7c686765348010b570fc34c42875c42fd43a0d5bfac4bfb922500d44f9ca2656,create_new_canonical_candidate,,primary,An auxiliary verb which indicates a polite request.
Basic,代わりに・かわりに,fb5e9c52006be894d04bb6bf9476a8bd03275c31acf29650058b6d7bc3e59ece,create_new_canonical_candidate,,primary,Something (including an action) replaces something else.
Basic,分かる・わかる,1ba6db9657d1b4acd8a8e3aa721330319d2110868e143b726e890585f47d342c,create_new_canonical_candidate,,primary,"Can figure out (spontaneously) various facts –such as content, nature, value, meaning, cause, reason, result– about something whose existence is presupposed."
Basic,君・くん,c6de74db2a3142a32cd8eb511ad88c69438be461145880b9d7d87b3429ea7c51,create_new_canonical_candidate,,primary,A suffix attached to the first or last name of a male equal or to the first or last name of a person whose status or rank is lower than the speaker’s.
Basic,堪らない・たまらない,9642ee315f7d73e73138d990af1af36a5922a0a587b12d45076b6461af2c4588,create_new_canonical_candidate,,primary,The speaker or whomever he empathises with cannot cope with a situation expressed by the て phrase.
Basic,多い・おおい,d24ccf542f5a5763a3a181347bbf020d1c0594502f4d49223441d61c7783f35d,create_new_canonical_candidate,,primary,(of quantity or number) a lot
Basic,好きだ・すきだ,60abf267c219bd9ab732e579d208a1eeb0cfa49d8d5224510f42b41573ce82b1,create_new_canonical_candidate,,primary,Something or someone is what someone likes.
Basic,嫌いだ・きらいだ,21f8e03902dece8641fbb5d79519c484941e287aa04d431cdec28f483f88065d,create_new_canonical_candidate,,primary,Something or someone is what someone does not like.
Basic,少ない・すくない,a73bda91d2f6509d5515238682ab0ed9a598d9a615c9ebf206034496426398d5,create_new_canonical_candidate,,primary,Small in number of quantity.
Basic,屋・や,6be5f3d5d4574767d2ac853d0c814cac38e33527b4311754bc24f6c9bf522bf0,create_new_canonical_candidate,,primary,"A suffix attached to names of stores, inns and Japanese style restaurants or to persons engaged in certain occupations"
Basic,様・さま,37a6bdc3953f9785103618ffd74e7850050b63684ac0624d91109f30468df74b,create_new_canonical_candidate,,primary,A suffix (originally meaning 'appearance') that indicates the speaker's/writer's politeness towards someone.
Basic,毎・まい,8c0e75a33c30e2691ff62a375d8053c2549324265a43d559f50465ca56aae279,create_new_canonical_candidate,,primary,A prefix which means ‘every (unit of time)’.
Basic,知る・しる,ecf3a432aa605ae189e170c8740bdf57d7d00b103cf188320a89bc858871dc53,create_new_canonical_candidate,,primary,Someone gets information from some outside source.
Basic,聞こえる・きこえる,fbc8e01100ab93e296e22ffb21b7181d893bd32b7403f59bf5e43f81d4d7bbaf,create_new_canonical_candidate,,primary,Something is passively and spontaneously audiable.
Basic,自分・じぶん (1),a796f893bbb9641f611924b8c87002a110347f7f42601fbceb08f58c9ce62c99,create_new_canonical_candidate,,primary,A reflexive pronoun that refers (back) to a human subject with whom the speaker is empathising.
Basic,自分・じぶん (2),c384c0c565ea4b699d39750060e8f0b07247b47293e816c088ba3b9a33716da3,create_new_canonical_candidate,,primary,"A reflexive pronoun that refers (back) to a human subject, the referent of which is contrasted with someone else."
Basic,要る・いる (3),1ecb2aca21da952378cb061d20f77ad794bfa9c9a2c9a27e94fe9cd515d4bacf,create_new_canonical_candidate,,primary,"Someone, something needs something"
Basic,見える・みえる,8a1e7fce49350339a0426cd64d73aeb987b642acb42d19164cd6a4a52a386408,create_new_canonical_candidate,,primary,Someone or something is passively/spontaneously visible.
Intermediate,（の）上で,d8983c33857ce1ea171cefacde2b7289535bb8595a2615c6b4e3f5a53edf14cc,create_new_canonical_candidate,,primary,A compound particle that is used to express a preparatory action for a relatively important action.
Intermediate,（の）代わりに,1a1503c439bd1ddc185850145f637a31a990aa9d59b64de41509be849918de77,create_new_canonical_candidate,,primary,"An action/state that is expressed in the subordinate clause is balanced by another action/state expressed in the main clause, or something/someone that is replaced by something/someone else."
Intermediate,~ばかりか~（さえ）,05804efc621df203d488edfcf82ff34855991d48150a1c776e40d5d599760a07,create_new_canonical_candidate,,primary,"A compound particle/conjunction which is used to connect two nouns or two sentences, the first of which is something normally expected and the second of which is something normally unexpected."
Intermediate,Imperative,52389fc692e62eaea1b4eb22001a2bc8e5227e5dbac1659502897851fe9d5834,create_new_canonical_candidate,,primary,Verb forms which indicate commands or requests.
Intermediate,Relative Clause,ca0eced7d52db0758e25774d3ccc57780720a62ac0d01bfdc906ddff6f69277e,create_new_canonical_candidate,,primary,
Intermediate,Rhetorical Question,ee19f0a4aa4a940ae7e1180f30a0415cca735dec8b26e10de71b688f4ce9782c,create_new_canonical_candidate,,primary,A question which functions as a forceful statement with no expected response.
Intermediate,Vmasu,b693240dda6954ef9643f43b875aa9d695b71ebc7213125c42d0cead2b68b641,create_new_canonical_candidate,,primary,"A continuative form of a verb which means ""V and...""."
Intermediate,Vmasu as a Noun,aff3dfd61437616efca60acff9ef6a2a3d89b71e5412f868e1b4e29d584d6312,create_new_canonical_candidate,,primary,Vます used as a regular noun.
Intermediate,あまり,2d0ddd5f8c0a6d9579602a02e831f85cea94299861dda006c57975dac618f117,create_new_canonical_candidate,,primary,A conjunction which marks a cause that involves excessive action.
Intermediate,いかにも,b8af0f7a16781e919049cf8828dee89bba6dedd6f0c939164dab9a3c55f1752a,create_new_canonical_candidate,,primary,An adverb that indicates the speaker/writer's emotive conviction.
Intermediate,お~だ,251649cbad1d407e731c365308e783df0c176623821ab45787174e1db9ca3a72,create_new_canonical_candidate,,primary,A phrase which expresses the speaker's respect for someone when describing that person's action or state.
Intermediate,お~下さい,4343834555b7e97b64f1a74ce04429ffb1c5323696963c975d3ae48154fdfe50,create_new_canonical_candidate,,primary,A phrase which expresses a highly polite request.
Intermediate,おり,4b33491ac7650ca13bedba7afaa3ea3a6121103dbedb569cfaffd29c9dd5c8fa,create_new_canonical_candidate,,primary,Vます of the auxiliary verb おる.
Intermediate,か~か,00a5e10a88705b0a34243a0ec112885b5c73fe08e4fca52ef1ed5a8e650c02be,create_new_canonical_candidate,,primary,A structure to mark two choices or possibilities about which the speaker/writer is not sure.
Intermediate,かえって,5d05895ab5efead0c13223ddaab828af6342d2506b63d13e81e5507676f371e0,create_new_canonical_candidate,,primary,Contrary to one's expectation an opposite result comes about.
Intermediate,がたい,834c0fb45ce74711366a41dc78c4b112d2ccd6b46e744c25f6fec5d2410f439f,create_new_canonical_candidate,,primary,An auxiliary adjective which expresses the idea that for someone to do something is virtually impossible or impossible.
Intermediate,がち,072c20f3f4aa1f79bfc8ef595b9b95d5bb41b74e680b36f486ecdee02f0424de,create_new_canonical_candidate,,primary,A suffix to express an undesirable tendency in someone or something.
Intermediate,かと言うと,d5f66b0fe9fb97af890363cc45c26ab96dd6e6a08e384caf12c5e72d3c52b904,create_new_canonical_candidate,,primary,A conjunction to indicate the speaker's assertion that a popular belief is not right.
Intermediate,かな,4e416eea24dd66d179373fa258b505dffe0b0d12bf94f8b9c9f8bb96c2f68d57,create_new_canonical_candidate,,primary,A sentence-final particle that indicates a self-addressed question or a question addressed to an in-group member.
Intermediate,かねる,2e853ce1f3ff59f246b990f864a7122edbb886062928587606b9d6b01b53da2d,create_new_canonical_candidate,,primary,An auxiliary expressing that someone cannot do something even if s/he wants to do it.
Intermediate,から~にかけて,605fb34bc8234ff0c3a2938b55caa6f677254b2a9dc25013a46fa291d34a74d3,create_new_canonical_candidate,,primary,A structure that expresses coverage from one time/location into the other.
Intermediate,から~に至るまで,6d5c25ca6e1c88ba6a667d766318d681a2eaacfbcb43dd6890e80fe2486d263c,create_new_canonical_candidate,,primary,A structure that expresses a wide range of things.
Intermediate,からと言って,a1bf530a95a8e526f8c07bddb50808e7f00e6cf5907d724fd9f6fa93620fc62a,create_new_canonical_candidate,,primary,"A conjunction which introduces the reason for someone's action or for someone's having some idea, and conveys disapproval of the action or idea."
Intermediate,かろう,6f942af3184c952e1ae4113701d26f59f8f9b53631b062d5f7cc510e29ae3986,create_new_canonical_candidate,,primary,An auxiliary indicating the writer's conjecture which is not based on any particular information or evidence.
Intermediate,く,b82428318708aa59cec3fe10360234764214c197d8a969fd1f5226ce1cdefdc5,create_new_canonical_candidate,,primary,A continuative form of an い-type adjective.
Intermediate,くせに,dfb2a7f0bfc0198732beee3324b85ba3fa937da20271ac661111bffe47570b8a,create_new_canonical_candidate,,primary,"A conjunction which expresses the speaker's contempt, anger, or disagreement about someone's action, behaviour, or state."
Intermediate,こうした,565ab61780a5383876e53b0ae6214882a83e45b3c0ef671dddd8814282bd9721,create_new_canonical_candidate,,primary,A demonstrative which refers to someone or something mentioned as an example in previous discourse.
Intermediate,こそ,6a9fe11ee935e3082f868eda481dc36fed66519a8a71a738d0e9b4d2f5401a22,create_new_canonical_candidate,,primary,"A particle which emphasizes a word, phrase, or clause."
Intermediate,こと,3c24dca208186a34a1ce90fd67381d7bc0130ed7ec69799b16e3aa28745c2560,create_new_canonical_candidate,,primary,An auxiliary noun to express a command.
Intermediate,ことで,e918e3e0c89af01d89fd87b9ace282b59168c6d4772bf8b38d5e4e624f6f2633,create_new_canonical_candidate,,primary,A compound particle which indicates a means or a cause.
Intermediate,ことによる,d1c08b425b700b7e20c60487ad8becbe108e75f3a15a1cd371dcd5bfb4c326e3,create_new_canonical_candidate,,primary,A phrase which is used to present an event as the cause of something.
Intermediate,ことはない,5dc7cd0c63644dddc7d51a1e4e6d0d9840333842833de64d503cd5896411cb67,create_new_canonical_candidate,,primary,A phrase which expresses the idea that there is no need to do something or that there is no possibility of doing something.
Intermediate,この,be56175f925793397af9e7b6c5b9a09b6495dcbc5ce60aed5ad243a774c77700,create_new_canonical_candidate,,primary,A demonstrative adjective which indicates a time or time period around the moment of speech.
Intermediate,さ,d3464c665e1f5525c30e66656c19670c309ffd23e94c9e2a6fc86c67d968af27,create_new_canonical_candidate,,primary,A sentence final particle used in highly informal speech by male speakers to express different degrees of assertion ranging from a light touch comment up to opposition or imposition.
Intermediate,さえ,8e75334f289da67630d59368d0222d51a2a80f716497eba00ad6821d607cbb0a,create_new_canonical_candidate,,primary,"An emphatic particle which expresses the idea of ""even"" in non-conditional clauses (or sentences) or the idea of ""only"" in conditional clauses."
Intermediate,さすが,44c847e55a66497e772c07f8515a548a5df956542bd01f645f0df641a627fd7d,create_new_canonical_candidate,,primary,An adverb that expresses the speaker's/writer's strong feeling that something has turned out as s/he expected.
Intermediate,ざるを得ない,49594b2b22aa357c589684ffe105f769ea9d6fc4dc8ce5b6a25223e38f01c0ee,create_new_canonical_candidate,,primary,An auxiliary indicating that there is no other choice but to do something.
Intermediate,しかも,c3f1ccfac8de1efc112c272d3c62c365e9e57bb8a6e5b1fc0cb59d5e3f950c70,create_new_canonical_candidate,,primary,A conjunction which is used to provide additional important information.
Intermediate,したがって,da3c155972412ff017c9ee2a7e9d48f86c40535e1ce33933a4224dbe1c60224d,create_new_canonical_candidate,,primary,A conjunction that is used to indicate that a result/situation follows necessarily from the foregoing situation.
Intermediate,すぐ,3d0ccb11b6a647ea9cbb6438a03d96b710243ab17584d369afb4adff099f41a8,create_new_canonical_candidate,,primary,Without having much temporal or physical distance.
Intermediate,せい,7bac084d6378a7da9f47816c6f1eba6fd9c1eb787b1ad37dd0223e2451b6e13a,create_new_canonical_candidate,,primary,A dependent noun expressing a cause which brings about an undesirable result.
Intermediate,せめて,c44d43d51797ae1fccb36ffe3996ca32035831330265837313f5480ec3eb8803,create_new_canonical_candidate,,primary,An adverb that indicates the speaker/writer's minimally satisfactory level.
Intermediate,ぞ,20601f1fa450a9520b16e02b4df90bd805c9ac7c8dd0f4f12ae21fca0ab8f927,create_new_canonical_candidate,,primary,A sentence final particle that emphasises a male speaker's emotion about something in his monologue or his strong desire to draw someone else's attention.
Intermediate,そうかと言って,738ddbd4e6179a15dafe96d780ae94372c8474de939e4512ee97ce3e455e6dc6,create_new_canonical_candidate,,primary,"A structure which expresses that the speaker/writer cannot easily accept the corollary from the preceding statement owing to some circumstances, although he feels like accepting it"
Intermediate,そうになる,316900e4f945c72d5092f3c751815180a20c5ea1856c607f8bc9bfcf3c43eb20,create_new_canonical_candidate,,primary,A phrase expressing that something almost happens.
Intermediate,そこで,11a7d7b1966bdb051a558e6533e428bb58a318b31e0707e1cd0dac861c7b3172,create_new_canonical_candidate,,primary,A conjunction which connects a situation presented as a reason and an action taken because of that situation
Intermediate,そこで (2),40b2b7721f97d4cf414a9d7276fc95208be68ff9715e82cd6c93f1917632a8b5,create_new_canonical_candidate,,primary,A conjunction which connects an event and an action taken at the time of the event
Intermediate,そこを,a17df297d04e8cd9712010f8e1a91247dd16ceedb16643d5f17438657b8ea87c,create_new_canonical_candidate,,primary,A conjunction used to indicate that in spite of the negative situation mentioned in the previous part of the sentence/discourse some positive effort is made.
Intermediate,その上,aa67c5487f81776f9b6d7a4a56924b9ecd4ca3c9903a519fbc1dbc675676f1fc,create_new_canonical_candidate,,primary,"A conjunction which introduces an additional, emphatic statement."
Intermediate,それが,93074b8de6dc31487ecf782ff313da5503f2faafdae950c05092f842fd7917ce,create_new_canonical_candidate,,primary,An interjection which signals that the speaker is going to provide an unexpected response to a question.
Intermediate,それぞれ,830c89c723061f3cde0f7eefcb1f1ad4789332b545d1814d584920211bbae930,create_new_canonical_candidate,,primary,Each of two or more things/persons.
Intermediate,それでも,d7f9f44a343a5960a0b70fd507dad86eb0e1a56f46acaf4d35c6519f947f2b92,create_new_canonical_candidate,,primary,In spite of the circumstance expressed in the preceding sentence.
Intermediate,それと,e289a071941455e77374bcbcadeabbeab6936bdcd9ad3fc0ece863199c9a1353,create_new_canonical_candidate,,primary,A conjunction which introduces an additional item or statement.
Intermediate,それどころか,0422ec368777935177ea56bab9a7b946f4ed5e40fa51d53afc468357f97ef8c8,create_new_canonical_candidate,,primary,A conjunction that is used to indicate that the level/degree of a fact or a situation expressed in the second sentence is far above or below the level/degree of a fact or a situation expressed in the first sentence.
Intermediate,それに,deff48f4851565cd8e497aed02f602b6727e659c1dc8827e1d5c64c8ddb247b4,create_new_canonical_candidate,,primary,A conjunction which introduces an additional item or statement.
Intermediate,それは,622ae4046906ef70c920f5990d91dfc2b80b436e16807b6d060e8d4972a13e08,create_new_canonical_candidate,,primary,An interjection which is used when the speaker emphatically provides an expected response to a question.
Intermediate,それも,252e036cacdecb76e2a50a0424b3d94e1e0f4ccabd4144f9f6a6257b3f6e0047,create_new_canonical_candidate,,primary,A conjunction which is used to add more specific information to information about a rather uncommon action or state.
Intermediate,だが,7943cf862d5b410afffc1769df4fed547e6b2526c51381409495f771cdcc4fd8,create_new_canonical_candidate,,primary,A conjunction that expresses something that is contrasted with what is expressed in the previous sentence.
Intermediate,だからと言って,9d3776d053545a8d08aaaa6b5170e16ae926ce346b4e8d37f5d7634ca3f51586,create_new_canonical_candidate,,primary,A coordinate conjunction indicating that even if one accepts a premise expressed in the preceding sentence(s) one cannot jump to an expected conclusion from the premise.
Intermediate,だけで,74334cfddd5a0fa379d81434f9f2b0844cfca6b5fd2ad6dbcb3deecc447a5634,create_new_canonical_candidate,,primary,A phrase which expresses the idea that just doing something is enough for something.
Intermediate,ただ,6bcfeac065d58c576210056b2a0174e2d2d2018158548631817db071bb22b8a3,create_new_canonical_candidate,,primary,"An adverb which emphasizes the idea of ""only""."
Intermediate,ただの,8c138b11566a3a46ecfb9d3850acfe8d0dca212f58d164c50e692dae3c4681be,create_new_canonical_candidate,,primary,Not deserving to be mentioned.
Intermediate,たところで,0acc55dabedc1c122b01b4d214f68e82828d7455e109a47d4d84f55e3278be7f,create_new_canonical_candidate,,primary,Even if an action or a state were realised.
Intermediate,たびに,714a6a709fbfbe5a2ba2da260ecb624c2f23676a65b2accfa224f650f38ded57,create_new_canonical_candidate,,primary,"A conjunction to express that each time someone/something does something, something else takes place."
Intermediate,だらけ,195d46d8f5c5f22c9988ee0eed45710c5695b214af3ce41530ac8a7e3b9f67d8,create_new_canonical_candidate,,primary,A suffix that indicates that something/someone is covered or filled with something undesirable.
Intermediate,つつ,2b3be10f6d2d372938e28a9f2b595355291615a538db4030e135e9029fd632f3,create_new_canonical_candidate,,primary,(1) an auxiliary which expresses an action in progress; (2) a conjunction which is used to present two concurrent actions.
Intermediate,っぱなし,dccf3d649f571e90ce43f1d8b219335746cf648f99b03e9b0f645918519ebcac,create_new_canonical_candidate,,primary,"An auxiliary which expresses the idea that someone or something keeps doing something, or someone leaves something in an improper state."
Intermediate,っぽい,5b53db6f1157eca955bdaf252641ef63697b629ed97ccdb1434551c2d1231bf6,create_new_canonical_candidate,,primary,"A suffix that indicates someone/something has some distinctive characteristic or an attribute identified by a noun, an adjective, or a verb to which the suffix is attached."
Intermediate,つまり,1f967ebd6918953d4d0a72cb63ae198aec80d76a966f43a4a1495ce444e5734a,create_new_canonical_candidate,,primary,An adverb that is used to summarise or rephrase what has been mentioned/stated in the preceding context.
Intermediate,て,f4507f972c31a712965f6d970a4147f6189585da2d570a6d5ee4065931218187,create_new_canonical_candidate,,primary,After/since a point in time at which something takes place.
Intermediate,で,7f936ef1cf993deef77d87a1f75af8eff0c09695ec719a96bc056d191e320111,create_new_canonical_candidate,,primary,"A particle which indicates a basic quantity, for each of which certain amount is associated."
Intermediate,である,ae64efced42e9366becba15cf4f32620d08f433a3140f27b14a126d5c83852a4,create_new_canonical_candidate,,primary,A copula which is used in formal writing and formal speech.
Intermediate,であろう,808b3bf0f4bcf4affed23b616dd8d0afc1cde56f6371e35575728c5ddedcb51d,create_new_canonical_candidate,,primary,An auxiliary which indicates the writer's conjecture which is not based on any particular information or evidence.
Intermediate,ては,0b297f0ea6d4f288d74d16bb99678098d35a821e52c1b68b1c93d63d11e72fc3,create_new_canonical_candidate,,primary,A conjunction which presents an action/state as a topic about which a negative comment is given.
Intermediate,て初めて,10a89acdc84bc5b6b86f82c2bdb0dd2fda9c8ec48fda5dd549986f1ec64cbdcf,create_new_canonical_candidate,,primary,A phrase which expresses the idea that someone does something or something happens only after something else happens or something else is done.
Intermediate,と,3fcc9f6b58cac841ff3ddefe464270650e0c03174522def6a3848b59a90f6020,create_new_canonical_candidate,,primary,"A particle which makes an adverbial clause, with a verb of saying/thinking/understood after it."
Intermediate,ということは,90b8ca5ad224085f4e397adb226aac0b335b2f096f385b7e064846c663984bff,create_new_canonical_candidate,,primary,A phrase which changes a sentence into a topic noun clause.
Intermediate,というのに,4ee6af944b541ef6fe5be45ba80a11f9b8f3b4d17496a8da6724fd03766fd1c6,create_new_canonical_candidate,,primary,A conjunction to indicate that an action/state takes place quite contrary to one's expectation.
Intermediate,というのは~ことだ,f75ddb839eeec7dba9101cab98453ca94fc1ca23673d7b75cab0a1695e5191e5,create_new_canonical_candidate,,primary,"A structure which is used in interpreting, explaining, or defining a word, a phrase, or a sentence."
Intermediate,というより（は）,1494c9524891076e0ec08cccaf210982dac5273604be99afcd638677646b853f,create_new_canonical_candidate,,primary,A phrase that is used to indicate more accurate characterisation of someone or something.
Intermediate,という風に,7a3c32c7a15a14acc6cf8f42db04dd5b08756d24a91dd1ee1925041f02a19982,create_new_canonical_candidate,,primary,A phrase which expresses a manner or a way in which someone does something.
Intermediate,どうせ,fca6c250bd80d9a66ff1b9c8c14d80775a1eeecea0db1174ad942b545fe449c8,create_new_canonical_candidate,,primary,"An adverb that indicates the speaker/writer's feeling that no matter what s/he does or how s/he does it, the situation will not change."
Intermediate,とうとう,d5bcd133e713422d30ccfd6622d59cd894c8fa86b74190ef1a4f60ec6dfdc040,create_new_canonical_candidate,,primary,An adverb that is used to express the eventual arrival of an expected situation.
Intermediate,どうも,683f3a7f124472e75ff35ba81b1b78b3fa0730a3c12e063ea01fd361133000e0,create_new_canonical_candidate,,primary,An adverb to indicate that one cannot make a definite statement about something due to lack of hard evidence.
Intermediate,とかで,4eb1b6bfc0c7a78de464d1ff488e7b31175b8203c6335655c23fa361919336ec,create_new_canonical_candidate,,primary,A conjunction that is used to give an uncertain reason for something.
Intermediate,ところ,e9154505bfe5ed13d97f92d660938d275ff235dd11b13f99f39088b6913d1c95,create_new_canonical_candidate,,primary,"A dependent noun which is used to express the idea that when someone did something, something took place as the result."
Intermediate,ところが,f6b7bea40ad86a90ab9ec38160923e0a64f0efabfdf55ab2c852d09b3f9b2865,create_new_canonical_candidate,,primary,A conjunction which is used to present what in fact happened or what is in fact the case when something else was/is expected.
Intermediate,どころか,6bedd03c434566f8819345550fcc3acf4e7806c48f7b92a9420625d166c016e2,create_new_canonical_candidate,,primary,A conjunction indicating that someone/something is very far from an expected state.
Intermediate,とする (1),38f06ea25cd7965e09c0f6417c43720f085522dc75d169a0a76f9f81b60914bb,create_new_canonical_candidate,,primary,A phrase indicating that someone assumes something.
Intermediate,とする (2),96eee55353f77f40c0eceddcc14f6b49bc1e7c23acd30fc721e65e2412352382,create_new_canonical_candidate,,primary,To have a sensory or psychological experience.
Intermediate,となる,f05a5d03e1d35cfcfa6db2f4ad0bcde2f315a721b22ac493066b22f885901305,create_new_canonical_candidate,,primary,A phrase which expresses the idea that someone or something becomes something.
Intermediate,となると,aee8bbb2dec64868e626ed5a4911d50ac5e4232efd20e8303c0eece8f6d790e8,create_new_canonical_candidate,,primary,"A phrase which expresses the idea ""when it comes to"" or ""if it is true that""."
Intermediate,とは限らない,17e5798531cd503a6fc1d74068540ae40c8ecf3257fdddbd17e5d944b5feb317,create_new_canonical_candidate,,primary,"A phrase which expresses the idea ""not necessarily""."
Intermediate,とも,1fe22fcbd0ad46d9fc8f08a52f0bffd45703699b9e729ecb3f057f851fcf747b,create_new_canonical_candidate,,primary,A conjunction in written Japanese that is used to express a concession.
Intermediate,どんなに~（こと）か,0050185d983eb2e9767827d782a0f7f767d20a5d1e683a39ef11e4675053019d,create_new_canonical_candidate,,primary,A structure that indicates an exclamation about the degree to which an action or state takes/took place.
Intermediate,と共に,21ba0a5321f0079bdb31ffedd3cb058115424f5221c4bacac04bc1701ea7c945,create_new_canonical_candidate,,primary,"A phrase which is used to express the idea that A and B share a common property or do the same thing together, that two things take place at the same time, or that someone or something possesses two properties."
Intermediate,と同時に,c6b284f70dc7322be07788ba1a80dd53b795624f873da400ec9e04e82cfcc514,create_new_canonical_candidate,,primary,"A phrase which is used to express the idea that someone does something or something takes place at the same time as another action or event, or that someone or something is in two states simultaneously."
Intermediate,と言うと,2dbc1b9e0acce6f97bba531187c57f4797ba271fab00542f478d171dbacb7f8e,create_new_canonical_candidate,,primary,A phrase which is used when something which someone has mentioned causes an involuntary response.
Intermediate,と言っても,6ad2df5356a57c093556ceab488b178182e5070e64d7a449851cd245543094b5,create_new_canonical_candidate,,primary,A phrase which is used to clarify a statement in the preceding discourse which might be misleading.
Intermediate,なあ,9dec00bce9b6196b0896f71ca565c4adfff47f8ea1a9a10cc7cf6f000203c37c,create_new_canonical_candidate,,primary,An exclamatory sentential particle which is used in informal male speech.
Intermediate,ないことも / はない,d060159996498bb3e91858cba34da52170ae8d528421934283da40b07bec23fd,create_new_canonical_candidate,,primary,A double negative phrase used to make a conditional affirmative statement.
Intermediate,なかなか,371a8a6318054d9411020300b5091f3ba082921e4a68c875d21dadf01fd45070,create_new_canonical_candidate,,primary,An adverb used to indicate the speaker's feelings that something is impressive or his annoyance at slowness or difficulty in achieving something.
Intermediate,なく,d35a67e6649bae70098785cc6bc516d364bebfa320032b7f327b344a082874d3,create_new_canonical_candidate,,primary,a continuative form of ない used in written Japanese (to indicate a reason/cause for what follows if ない is attached to Adjective (い/な) and contrast if it is attached to a Noun+Copula).
Intermediate,なしでは,b5bd58d5f347e38f0b769eb2fb4fd919cebfd1501dc90d50810385f9c283ae5f,create_new_canonical_candidate,,primary,If something/someone is missing.
Intermediate,などと,5ec5b0e974655d5f015595d62b9e19c775df06598e28748462fab96921dca928,create_new_canonical_candidate,,primary,A compound particle that indicates an approximate quote of words or ideas.
Intermediate,ならない,64e19d04dcb3e2562b84c112b6d386f7806bc4662fa2ae850130a4590a3b935e,create_new_canonical_candidate,,primary,A phrase that is used to express insurmountable psychological or physical feelings.
Intermediate,なり~なり,a3abe3ab9ee8f2c6117838f5a4703f312e1bb1c6226623b85490705d665ed624,create_new_canonical_candidate,,primary,A phrase to indicate two representative choices/examples.
Intermediate,なりに,ad0c40e3908317b9246cc4b2d4cecc542fd2f9e4b7ff7c6825c4d204d7f5efb6,create_new_canonical_candidate,,primary,In a way/style that is proper to someone/something.
Intermediate,に,ef6719bde7c9eca5ccf10d9227a70050f6c5b8c311766d86e1feb1bc412c14bb,create_new_canonical_candidate,,primary,A sentence final particle that expresses the speaker's feeling of great regret or sympathy.
Intermediate,において/おける,058eb4892d9adce94b61a0f78c693afc0a0fd7a135bfb45ef961da0f0b30cec9,create_new_canonical_candidate,,primary,"A compound particle which indicates the place of an action/event, a state or time."
Intermediate,について,764fb55ab0a8d885fcaaf2998b7d323ae9f6a4b86a20534cbfd4492ac4dbd4c5,create_new_canonical_candidate,,primary,Concerning something/someone.
Intermediate,につき,df9e136c13da1d8f9541d528f4c223b98c7ebd461d61f397c193718df902a080,create_new_canonical_candidate,,primary,A compound particle which expresses a rate or ratio.
Intermediate,につれて/つれ,15cdd55ab2d3d7149ec26d38373927fbf4eef8f8b254047940334c29f3495f25,create_new_canonical_candidate,,primary,A phrase used to indicate that a change occurs in accordance with another simultaneous change.
Intermediate,にとって,4ca2d93e6e3a2b12d9a45bfcb7ac98042aa6197b5234e938ae13e8b494a600aa,create_new_canonical_candidate,,primary,From the standpoint of; so far as someone (or something) is concerned.
Intermediate,になると,68e57a7235f1e109eb7d90a280e2bca9888a8f45109e7b7e10e0b30dee0d1d6d,create_new_canonical_candidate,,primary,A phrase that expresses the time when an uncontrollable state or a habitual action occurs.
Intermediate,には,f39d6049f96c15641aad3a726259b5524031553e057cd531d965426abf984236,create_new_canonical_candidate,,primary,A conjunction/compound particle to indicate a purpose for doing something.
Intermediate,にほかならない,65d36aa46b113943b6f9b18f5cfdea6374b2de5b49a168e8b1d4add43b5883a5,create_new_canonical_candidate,,primary,A phrase that is used to indicate that an action/state mentioned in the topic phrase or clause is nothing but something.
Intermediate,にもかかわらず,d183a271658cf4e8f2f27bcefeab3d18abe3faafe6c53f8b3bbd991b9c0dd98e,create_new_canonical_candidate,,primary,Without any relation to a preceding event/situation.
Intermediate,によって/より,0bfcde24aafb270e753692794faadd529a020d5fe71f2472dfa1f7618608c13b,create_new_canonical_candidate,,primary,"A particle that indicates means, cause, agent of passive sentence, or dependency on a situation."
Intermediate,に代わって,a3b51f56c9a983003eb93e2f3b7f2acafb188960cb4a77ea6ec220f84dd3a35e,create_new_canonical_candidate,,primary,A compound particle to express replacement or substitution of a regular person/thing by someone/something.
Intermediate,に反して/反する,7f8720460aa7b3905083615ad15f8da0d8d9419bad9e72013f9c6e6a0591afda,create_new_canonical_candidate,,primary,Contrary to or in contrast to.
Intermediate,に基づいて/基づく,32cead61bdccfdc1d35fb99a7243421a27ce0ab3af857740edf8169925f1e7b5,create_new_canonical_candidate,,primary,With something as a basis.
Intermediate,に対して/対する,0debcbda8c5e4d956ae573042994007b2a822b3f5f4aad0b82f0b409cd989e4d,create_new_canonical_candidate,,primary,"Regarding something/someone one opposes, compares, or shows interest in regarding something/someone one opposes, compares or shows interest in."
Intermediate,に当たって/当たり,8467e71a4ebd34de76e79f9507341a22f331ae71fa9beb58f046b42402e2064f,create_new_canonical_candidate,,primary,A compound particle that indicates occasion of doing something or of having done something in formal Japanese.
Intermediate,に従って/従い,a8765791a0f92dbce496c05438bb58627f99878802081422bc76940c457c874e,create_new_canonical_candidate,,primary,Something spontaneously and gradually occurs in accordance with some change.
Intermediate,に比べると/比べて,7ee22443e249679513486c005aa33e4ffeb2cb2fb7daff258e34a18824e8a7b6,create_new_canonical_candidate,,primary,If we compare (it) with/to; comparing (it) with.
Intermediate,に過ぎない,96b74fc9acf321f425615ee8ba8e3a60af5eda5971401d508748d90fd78c71e3,create_new_canonical_candidate,,primary,"Something or someone is nothing more than what is stated in terms of amount, degree, status, significance, etc."
Intermediate,に関して/関する,c1176d4864cd63f3f7272810c56c5aa5bb01b1900d740b778bb680536c33115e,create_new_canonical_candidate,,primary,Related to.
Intermediate,に限って,1e52ec2034a9decc977ab26d6adc4e9475ce3c1b2c08d6ebb1fdeca2cb321773,create_new_canonical_candidate,,primary,A compound particle to show that only X is different from others.
Intermediate,に限らず,005e913bef64e798ba7f7fcaba06b19120c387d9ca022e40026093de17a8ebfd,create_new_canonical_candidate,,primary,Not limiting something to ~.
Intermediate,ぬ,62f0230c598940be0e4c1c1f74842a85afcd1eba67fe139b2345e61d996062a7,create_new_canonical_candidate,,primary,An archaic auxiliary that indicates negation.
Intermediate,ねばならない,b1f46364ce0cb74a57981632f0b87cad203e99750e6c357617c1499a8a141551,create_new_canonical_candidate,,primary,"A phrase that indicates duty, obligation or necessity."
Intermediate,のこと,ecc230aaa7443f1128e26d85d0a0bc9ebb40c9099854e0805add424749478040,create_new_canonical_candidate,,primary,Things of/about.
Intermediate,のことだから,140efc0567a4234ab66a62fecae5245de9de3bec29c96c85deb85e9f3ccd7c57,create_new_canonical_candidate,,primary,Because it is a matter of X with which/whom something is habitually the case.
Intermediate,のは~のことだ,4e230708f4f11f7d6eb3f1fcc7b9454c31607f855a310648475ebcab38425df9,create_new_canonical_candidate,,primary,A structure which focuses on a time when something takes place.
Intermediate,のみ,b0fd4f3f1059ab6cbc64c9aa5e5cfc8c5236da46658430d01c07ecc38538bd63,create_new_canonical_candidate,,primary,"A particle which expresses a limit imposed upon an action, event, or a state."
Intermediate,の上では,149463c534de171c2c40d26660d165256052424aa27b22e887b653c84cc3e8e2,create_new_canonical_candidate,,primary,As far as ~ is concerned.
Intermediate,の下で,bb5c0063ebcc1eda8873753605b99c777c8a54b4bfe0d7a34453c6d99c5a5ddc,create_new_canonical_candidate,,primary,Under some object; under the control or influence of someone or something.
Intermediate,の関係で,3283273b8a2d39d3eb6b025484cc51de02094e7dfed736daba895e117b0fe08f,create_new_canonical_candidate,,primary,A phrase indicating that something takes place or does not take place because of something.
Intermediate,は,74f7198ddfda7d5896bfac17210616e78fc198b95110a396b20b7acf9c638b1c,create_new_canonical_candidate,,primary,A particle which emphatically affirms or negates the proposition represented by the preceding verbal and other related elements.
Intermediate,は言うまでもなく,6d8c99d0efa89b9b1eb9d3b1e7829944ce4669ac3466f86f97bd819a81cd1142,create_new_canonical_candidate,,primary,An adverbial phrase that conveys the meaning of 'not to speak of something/someone'.
Intermediate,べきだ,9c3a0499b53a85b8dc9d74df5c0d6c28d0f546f113fc83ffc731be00952931f7,create_new_canonical_candidate,,primary,An auxiliary which expresses the speaker's judgment that someone/something should do something or should be in some state.
Intermediate,まい,a027bce47238cdd739eee082adbd56a85f70fa80e92a3acc6700afc86a2aff93,create_new_canonical_candidate,,primary,An auxiliary which expresses the speaker's negative volition or conjecture.
Intermediate,まさか,84ad6895194cbf3bbfb8deb0c6cbfe9bba04293ead0afe690b69b2295f839f38,create_new_canonical_candidate,,primary,An adverb that indicates the speaker's strong belief that something is not expected to (have) become a reality.
Intermediate,ましだ,496a9c2c08a6cee54c4e552674d491a0327292e9923bfc4e76dc78591f0345b6,create_new_canonical_candidate,,primary,A phrase indicating that although someone/something (or some situation) is not satisfactory it is better than someone/something else.
Intermediate,または,fbf1c1ac95a523ac867e0e3daa4c71d9f8e3bc5d25773fe3df7eb60d05b83efb,create_new_canonical_candidate,,primary,A conjunction which connects two choices or possibilities expressed by noun phrases or sentences.
Intermediate,までもない,85c2e1270566426891c970b36fc9e3f57412f4a3b8aa18b5e80e1f5b855f143b,create_new_canonical_candidate,,primary,There is no point in going as far as to do something.
Intermediate,みせる,ec3c43c8ae1422402cc001fda314bf0e03e6f588133ab1099f63d1bc4a7726d5,create_new_canonical_candidate,,primary,The speaker's strong determination to achieve something for others to see.
Intermediate,も,5149b65a93dac18d5f15abf82eb2f44a10d9c57e1443468a7345f21870df5114,create_new_canonical_candidate,,primary,A particle which implies that something else is also (not) the case.
Intermediate,も~も,db837f48a9cd976776727e798cd0f268dd368643a445d341bc3ed10b3f28c307,create_new_canonical_candidate,,primary,A structure which presents two states or actions of someone or something.
Intermediate,もの（だ）,1382da842e29911ec1c1eb6df641d59aed31c1cfd52e4c4189d209e415e14d17,create_new_canonical_candidate,,primary,A dependent noun which is used to create a sentence structure which presents a characteristic of something.
Intermediate,やっと,b3a8d1ecfe341eab183936c82472118c827bf197326d87f84b1b72fb322f99f2,create_new_canonical_candidate,,primary,An adverb to indicate that something desirable has been finally achieved or will be eventually achieved though with great difficulty.
Intermediate,やる (1),35b13963908ee446e0fdf9b9ece47559110539d62b82d30f085dfad4cfa0be90,create_new_canonical_candidate,,primary,To cause something/someone to move to a place or to do/eat/drink something.
Intermediate,やる (2),9cd06feab8f7e56e4a34b6073838c3ff5acecd3e826aa54cfa1c053085b0ce41,create_new_canonical_candidate,,primary,An auxiliary verb which expresses the idea that someone does something undesirable to someone else when he/she knows his/her action will cause hardship or trouble.
Intermediate,よう (1),e08420182236c79c4c3d48733628a514664be3a744d329abcc9e66209d614a5c,create_new_canonical_candidate,,primary,A noun forming suffix which means a way (of doing something).
Intermediate,よう (2),3f2ef9250d82c00d1d5d88a99950b58a967a180cd8fdf8d8f15fecf291e2d827,create_new_canonical_candidate,,primary,An auxiliary verb that expresses the writer's conjecture about some potentiality or his certainty about a given state of affairs.
Intermediate,より,691b24afe2f7a1d98e6b4023983d689cfec6ca665adaab939f577d99ac7afbc2,create_new_canonical_candidate,,primary,An adverb which forms the comparative of an adjective or an adverb to mean 'more ~ than now or than otherwise'.
Intermediate,ろくに~ない,22b90a65d994b483708e6eb54bdd7ac6ce6281c94ba51a84a4c7f9025dc60890,create_new_canonical_candidate,,primary,A structure that is used to indicate that something animate does not or cannot do something satisfactorily/sufficiently/properly.
Intermediate,わけがない,b28e9acaf4f40582649d41cce7f6c765cacf62129430419338ab823a99251da2,create_new_canonical_candidate,,primary,"A phrase which negates the existence of a reason to believe that someone does something or is in some state, or that something takes place; or which negates a possibility of someone's doing something or being in some state, or something's taking place."
Intermediate,わけにはいかない,6b952cde4d14fe9ec0bf9de57bf5dd80dc917d61b73657f3f4d684e43c359f7e,create_new_canonical_candidate,,primary,A phrase which is used to indicate that one cannot do something due to an external circumstance.
Intermediate,をはじめ（として）,620aa967665a626c1295a5678ab5be656d80df454fa738d0634f903e500a0c0e,create_new_canonical_candidate,,primary,A phrase that is used to give a primary example.
Intermediate,を通して,b3cbdc377a6131dad61741fe50c7e898ebe98a669e857862f7e5dea04e8cc167,create_new_canonical_candidate,,primary,A compound particle that is used to indicate a medium through which something is done or time through which something takes place.
Intermediate,一方で（は） ~ 他方で（は）,81a445c5bfc14738376e31aacae03d807b20bc964ea992aa65a680cd22155fd3,create_new_canonical_candidate,,primary,"A structure used to describe two concurring, contrastive actions/states of someone or something."
Intermediate,上,6872ed9a6fb0bc85003e0d2138bdf076608ae0eac0ab9557959fc0ec82b95ccd,create_new_canonical_candidate,,primary,"A suffix which indicates the idea of ""from the viewpoint of,"" ""for the sake of,"" ""for the reason,"" or ""in terms of""."
Intermediate,上（に）,cc734dd6b8be13ef2a3f2620bb18f242a05f34ef6b025157c4c8f2980b980b75,create_new_canonical_candidate,,primary,"A conjunction which introduces an additional, emphatic statement."
Intermediate,以上（は）,9cfc6295a22134c4652806fb589f810f4d5f28d84cbfad2c6cbe6b7378aaa9d5,create_new_canonical_candidate,,primary,A conjunction indicating the speaker/writer's feeling that there should be a very strong logical/natural connection between wht precedes the conjunction and what follows it.
Intermediate,以外,51793d3f5a74562be97f1dee3ccac484c6e7c678cffc0427c1049f8835330516,create_new_canonical_candidate,,primary,"A dependent noun which means ""something/someone other than""."
Intermediate,何しろ,b972fe30ea0d37238aa6d5cca3f2dbad62665b13269107ab03002baae1e5a3ab,create_new_canonical_candidate,,primary,An adverb that indicates the speaker's emotive feeling about some extreme state of affairs.
Intermediate,何でも,f4f4b75c70af016bdcc334737d65120e551b9bb3f936f381f746702c36b7f5b5,create_new_canonical_candidate,,primary,A phrase that indicates the speaker's uncertainty about something.
Intermediate,例の,5e121152f163b9f734b746329c4fe789849c28fae8002f0d788fc8b4fdb2e855,create_new_canonical_candidate,,primary,A phrase which signals that the referent of the following noun phrase is definite and that the speaker expects the hearer to understand what the referent is.
Intermediate,分,0f812c807a5e3fc8daddf921f0ab377d2888f0f37ad12210bdd47f04fae06220,create_new_canonical_candidate,,primary,A suffix which indicates the amount of something.
Intermediate,得る　（うる・える）,2415a11836f14b3e3765dcd0edc5949da7c065a52911c7eac341cac69cd9f1c8,create_new_canonical_candidate,,primary,An auxiliary verb that expresses possibility.
Intermediate,必ずしも,f2de40f0c199c600c60568a0c8047cd8f8a455d6fbc803c0a6f34fea5905fc82,create_new_canonical_candidate,,primary,An adverb that indicates that the proposition expressed in the sentence is not always true.
Intermediate,思われる,53243c66ca6aa5292441072a53d5e5b6e33e7cce8d9d4f9cfea16448740097c4,create_new_canonical_candidate,,primary,A verb that indicates what the speaker/writer feels spontaneously or his/her hesitation about asserting himself/herself.
Intermediate,方をする,8f02391f68c36c27c4274d259037a577f97b45fa54063241cc76a521b672598e,create_new_canonical_candidate,,primary,A phrase to indicate a manner of doing something.
Intermediate,来,a2a2b66355093432bbb1dfb61eacc4bf94506ba0fbf3dff7815b76edf2ac6b21,create_new_canonical_candidate,,primary,During a certain amount of time (something has continued up until the moment of speech or something has never been like the current state).
Intermediate,次第,e1cf79a0d61dd9701cd764045cdff4f9bb5bbd482a5a2a22f7517bc814e554fb,create_new_canonical_candidate,,primary,A conjunction/noun to express that an action indicated by a preceding verb or an action implied by a preceding noun is a prerequisite for another action.
Intermediate,点（で）,3feb2ada69c1db554a6c8cd39d89032e779288fcb71d5347228409c85cfdb69b,create_new_canonical_candidate,,primary,"A noun which expresses the idea of ""a point of argument; a point of evaluation; a point of view""."
Intermediate,目,afa58cc4ec82757adfcc0a061ede19e312bec9d0e771a13951e1b30a7325461f,create_new_canonical_candidate,,primary,A suffix which represents an ordinal number.
Intermediate,確かに~が,26c4cee4ac3d0eccb6424edf5fe5ef85bbac32d6830b8f303f3a9c3849677abd,create_new_canonical_candidate,,primary,"A structure which expresses the idea ""indeed ~ but""."
Intermediate,結果,9c0d40d4ea91e49cd3238f029143a3f5a9d7ee0c6047a6cfd4faa406636e2f06,create_new_canonical_candidate,,primary,"A noun which expresses the idea ""as a result of""."
Intermediate,結構,ddb0eec9965e7e5b1faef7d1282efa9877e60b503e09e1c4ab437f2546d022e7,create_new_canonical_candidate,,primary,An adverb that indicates that something exceeds the speaker's and/or hearer's expectation to a considerable degree.
Intermediate,逆に,4045d77f022955d4115bc861393bff5897bc75d08598cbf5954f77de4358e824,create_new_canonical_candidate,,primary,"An adverb to introduce an event which takes place contrary to one's expectation/intention, or an action or event which is converse to that stated in the preceding sentence or clause."
Intermediate,途端（に）,9537121cc4e7ed25e41ce96e55e05a704c3a47d8e366b2bea15ad928d5909e57,create_new_canonical_candidate,,primary,A noun/adverb which expresses the idea that 'something occurred the moment someone did something or something took place'.
Intermediate,通り（に）,f1a063c393efc2b2468dcc87e1debaa52efd15249dd9ef5d73e92017e61ad02d,create_new_canonical_candidate,,primary,A dependent noun which expresses the idea that someone does something or something takes place in the same way as something else.
Intermediate,限り,59a2b56ca95eefe035eaa4cfd8cfb49cb751c9c90ed86aabc03ef03b0b59a26b,create_new_canonical_candidate,,primary,"A conjunction which expresses the idea ""as long as (a certain condition is met)"" or ""as long as (= to the extent)""."
Intermediate,限り (2),e121a7b2d62fd1c11ea6aae26aae9977195e3d41f3a53e3d43e5d2d2eefada5a,create_new_canonical_candidate,,primary,"A suffix which expresses the idea of ""(last) only until"" or ""limited""."
Intermediate,際（に）,c0ec957ba2a2f95de9cb7961a9af915d7a2d556bdbd23756d372a0cd207627f1,create_new_canonical_candidate,,primary,On the special occasion of/when.
Intermediate,面,b6b19fa3fb39eb16cbb844c5393ba65eb6809385b683b0f76f6a28137b17e2b5,create_new_canonical_candidate,,primary,"A suffix which forms a compound that means a side of X, or an aspect of X."
Intermediate,風に,e66f20ba031cbd5ab0eae965247e6c01eefda1b73cde2da8bc4b858fd9df303f,create_new_canonical_candidate,,primary,With an appearance/style/tone/manner of ~.
Advanced,だけ,28e6a5ba853b7e89a51e94f6110fad798e44f2bf9123dcef3f6f110e8124cb1a,link_existing,〜だけ,expanded,A particle meaning “to the extent that someone (can/wants to) do something or something can happen”.
Basic,くらい,1e2366bb59fd78a3371c546c6b74823bc3589ffca9f8fef3d3ef738af3848206,link_existing,〜くらい,primary,Approximate quantity or extent.
Basic,ことになる,66b7041ee76e0578dde33d8ba94acda28fb3dbb10cdd48e938c90d01618836ec,link_existing,〜ことになる,primary,"An event takes place as if spontaneously, irrespective of the speaker's volition."
Basic,だけ,ae49bf94b657ba8f7eaf4fd4706f960512f27beb20185c5e533d155906ef2788,link_existing,〜だけ,primary,A particle which expresses a limit imposed upon something that is growing and expanding.
Basic,ほど,202e7967ae292c9056e4f073743a313756d67289818f3017385ae6790e54b632,link_existing,〜ほど,primary,A particle which indicates an extent or a degree to which someone/something does something or is in some state.
Basic,わけだ,7b07a815f3f9bb90fbd21c7fb79a95932fe0fc7fd8ed654efcebdec445f9126f,link_existing,〜わけだ,primary,"The speaker's conclusion obtained through deductive, logical judgment or calculation on the basis of what he has heard or read."
Basic,間・あいだ(に),cbdf52127fed41f5e28fec4f08c1fed4336145d31aa0c227f0c54db483fa3004,link_existing,〜間,primary,The space between two temporal or physical points.
Basic,間・あいだ(に),cbdf52127fed41f5e28fec4f08c1fed4336145d31aa0c227f0c54db483fa3004,link_existing,〜間に,primary,The space between two temporal or physical points.
Intermediate,~ば~ほど,9ee00e06a4790f0c527997a905be78a197fa4aec91799d59d12a18316339fea8,create_new_canonical,〜ば〜ほど,primary,A structure indicating that something happens in proportion to the increase of extent/degree of action or state.
Intermediate,くらい,d02d2ddd2a53b74032bfa26428db097054aed240f824d9c81b40d645d32e9045,link_existing,〜くらい,expanded,A particle which is used to express the degree of a state.
Intermediate,ことになる,9ffb1d84ca5ccb001dacebd4b86d63d8c5d55f8d552cf9b1186c395e37933561,link_existing,〜ことになる,expanded,A phrase which indicates that an action or event leads to a certain situation or logical conclusion.
Intermediate,ほど,af9d9aa26f7df314003dfeffcf6e44e794f8b87b8ab73e88abd97ba76d4acbc7,link_existing,〜ほど,expanded,A particle which indicates the extent or the degree to which someone/something does something or is in some state.
Intermediate,わけだ,034f6f1e96909880b5b5920941eb230293fdf190a59b720b7c0ab42f9ef31b87,link_existing,〜わけだ,expanded,"A phrase which presents a fact or truth known to the hearer as an introduction to a following statement, or which gives emphasis to a fact or truth which the hearer might not know."
